Hash of the download file,The download file file type
00deea7003eef2f30f2c84d1497a42c1f375d802ddd17bde455d5fde2a63631f,"ELF 64-bit LSB executable, x86-64, version 1 (SYSV), dynamically linked, interpreter /lib64/ld-linux-x86-64.so.2, missing section headers"
01ba4719c80b6fe911b091a7c05124b64eeece964e09c058ef8f9805daca546b,"very short file (no magic)"
020f1fa6072108c79ed6f553f4f8b08e157bf17f9c260a76353300230fed09f0,"ELF 32-bit MSB executable, MIPS, MIPS-I version 1 (SYSV), statically linked, no section header"
0256f6606573e281f3bd675fd4b6e9684a60fec80fdb9f16a48f74db7fd1fefe,"ELF 32-bit MSB executable, MIPS, MIPS-I version 1 (SYSV), statically linked, stripped"
0527212d9df8cbdc8a4e29229a4374ab39413a54af378401122c060abe7595f4,"ASCII text"
0594a3a4f601f22e84532339c3d8f7983a5c9f308db83e785c7ed724eb23a2ff,"gzip compressed data, last modified:Wed Aug 14 18:18:29 2019, from Unix, original size modulo 2^32 3354324415"
05f088778d3522f7b02465be38ec5548d9dbdeb142b4aed8d3c915c1a420a556,"Bourne-Again shell script, ASCII text executable, with very long lines"
08074bb4ce6db7eac10411d4dd3ea38c8a4ff097f74dcdb9ec145e22ade2bbc4,"Bourne-Again shell script, ASCII text executable"
09647acda8d5539b5e4512db30608a67999b5b40f495b21045ab266acbfd4cce,"ELF 64-bit LSB pie executable, x86-64, version 1 (SYSV), statically linked, no section header"
0b6551d3eb141290b2282da0d4db9dae6130aa0a66ae52aa6683d638af469ac4,"ELF 32-bit LSB executable, MIPS, MIPS-I version 1 (SYSV), statically linked, stripped"
0dc5f305326adb4192db7f12cdf26e6f9eb3cd64216b3f890c01eab9e3bda37f,"Bourne-Again shell script, ASCII text executable"
0fbfa0de71ffae26c2dbe0f681c7d8b910107f055989b2716f162dc78fb3a42d,"ELF 64-bit LSB executable, x86-64, version 1 (SYSV), dynamically linked, interpreter /lib64/ld-linux-x86-64.so.2, too large section header offset 28424128"
0fdef8d11dc79a2d286d784a67cb52fea383654f46ffefb6eaab200a5527dbb0,"ASCII text"
0ffff3b87d314adc34b629cd1e58421935f5aad5010f8eb55710ba41bef34f18,"gzip compressed data, last modified:Tue Mar 17 14:05:34 2020, from Unix, original size modulo 2^32 1735412944"
14d09524b0ca8de0e0aa466b59cf7b4a98553c9b223234e4384328c60654f2c4,"Bourne-Again shell script, ASCII text executable"
15b6b5499fdc0a336f332b9db70f1ead3a12eb068d1ff4cc4fe120e8868ba8d5,"ELF 64-bit LSB executable, x86-64, version 1 (SYSV), statically linked, stripped"
18e0f574bf11bc5e7de8c95b83c187649b2d87d74651e59d9c2aad53ac7bb7f1,"ASCII text"
199d11d0fd7043fe9206954ed8bc7b54d1912013a2a71bdf8bb007b71bb490c8,"ASCII text"
19a06de9a8b66196fa6cc9e86824dee577e462cbeaf36d715c8fea5bcb08b54d,"ELF 64-bit LSB pie executable, x86-64, version 1 (SYSV), statically linked, no section header"
1ac0daf6763960f89a393e9f88a596ecc5e3127987008300c0c048580cd23bc2,"data"
1b9a6185b32916c753a076f2522e73976ea8185e3c62bcbb811917c2173594df,"ASCII text"
211bdc6fcd4f7a7b44c3de250ec275062338a94bc6c57b34662ec99d41950c9e,"ELF 32-bit MSB executable, MIPS, MIPS-I version 1 (SYSV), statically linked, stripped"
21301f6826cfe730ef9af441685a8e2a4a4197b6b6783cc179c2dabb62ac2833,"ASCII text"
21659a68bedfada5b0764e51cd128c6bc25a3fd37ca8c0d8b4734b67babd40d1,"data"
21e453ad47cf50630ec1941c541193c5e7f847bcfea7a10c47fd52ae0f90d367,"data"
227e69dbf1bc385d6cf54be337dc13e89528bff3eca3ba9093af8b4649f1a555,"ELF 32-bit LSB executable, MIPS, MIPS-I version 1 (SYSV), statically linked, stripped"
255a4e4e09c7d216b23939472ed80a5a710c33dac758b5459ad6332e7d7ec800,"gzip compressed data, last modified:Tue Mar 17 14:05:34 2020, from Unix, original size modulo 2^32 1222557536"
2588027eb2d626d43b4a398dd4ea7f4a86a6c8cdf15a920ddf4659f5011c9363,"ELF 64-bit LSB executable, x86-64, version 1 (SYSV), dynamically linked, interpreter /lib64/ld-linux-x86-64.so.2, BuildID[sha1]=d00c25be27914b80e8a9abd5254aa413945d98be, for GNU/Linux 3.2.0, stripped"
259b6d4fe7d8b46c0b87ce955f5ea1512fef65197dae5b0ad97baa03a6dc8a5b,"ASCII text"
29574dc19a017adc4a026deb6d9a90708110eafe9a6acdc6496317382f9a4dc7,"HTML document, ASCII text, with CRLF line terminators"
2aa70ecbd3733c39ed5648ca4d09570629ed564430f8e8cb4c6460aae0cad942,"gzip compressed data, last modified:Tue Mar 17 14:05:34 2020, from Unix, original size modulo 2^32 12369920"
2b02810459d7a1fd80dc674395a271181130b00cc4a0b92d8903c6fc97be2a53,"ASCII text"
2bd99634e0e91b9e72538a79d120ad3039e76ef2f5107a417c6f307978cadf5c,"ELF 64-bit LSB executable, x86-64, version 1 (SYSV), dynamically linked, interpreter /lib64/ld-linux-x86-64.so.2, missing section headers"
2d6e2e1c77c80e8d0198ae76e7bb40db524f1e699211b554a126d20802f985f3,"gzip compressed data, last modified:Wed Aug 14 18:18:29 2019, from Unix, original size modulo 2^32 13701120"
2da2e31dd3d9cd8928c50e33688fb7d25ba0afa6aa6e175e63eb2c35ebeffd12,"ELF 32-bit MSB executable, MIPS, MIPS-I version 1 (SYSV), statically linked, no section header"
2e9a3b287def69e22bfbf30db0aa531fcb018582d1d6e097fe56760dce36a42b,"data"
2f8ea2f012869ccb2748cc552e854a21cd6bf224880eb9755db9d88e2295328e,"ELF 32-bit LSB executable, Renesas SH, version 1 (SYSV), statically linked, stripped"
306b5745054cab7a000edf375dd4409935c6ff704dff0860a3563a04b3fa8e66,"Bourne-Again shell script, ASCII text executable"
325dbf58eb1fdea5a73fbee6d23286c59c1375cadb7eeaeb8cd8d136bd926b99,"data"
329824b65e7e635205dd610ee3423b3f5aa37e787dcaaa6e84ed46ea551a7754,"ELF 32-bit MSB executable, MIPS, MIPS-I version 1 (SYSV), statically linked, stripped"
33eef0c93b605ce87d0632bd362bcd033ee5c39dfb88f1d63e33ab27ea7e1179,"ELF 64-bit LSB executable, x86-64, version 1 (SYSV), statically linked, stripped"
3474645503ee71af316f174c9f842261a1d37bf596376c8f90483cec57333b78,"ELF 64-bit LSB executable, x86-64, version 1 (SYSV), dynamically linked, interpreter /lib64/ld-linux-x86-64.so.2, missing section headers"
350835390042d3fd42b6e0dd86ecdd7cb5d1801a826ceafeb1bac0d3963abb3d,"data"
3606f13d9b49710da4b67e14d1251872d5119e5094b70ce415de9fe6c6f1e872,"ELF 64-bit LSB pie executable, ARM aarch64, version 1 (SYSV), statically linked, no section header"
362ee228a401039dbe7b6531bd3ad341bea0cd4264bab3375231ed9d5d8a8e68,"gzip compressed data, last modified:Mon Feb 24 18:30:05 2020, from Unix, original size modulo 2^32 2527644517"
36e70b9c5271aefeb3e4b4bc0eff8e81683f0ddfea4deed55dbc4cc0567ca179,"ELF 64-bit LSB executable, x86-64, version 1 (SYSV), dynamically linked, interpreter /lib64/ld-linux-x86-64.so.2, missing section headers"
399319e5f4b8dcdabdb36d2ab70fc52de33472565ed2fcdfd3743afc8ceff48b,"ELF 32-bit LSB executable, MIPS, MIPS-I version 1 (SYSV), statically linked, stripped"
3a04bf4a5b6aa13200aab81e27c3393cee55f2ec3cdcdb4f2ff4daa296572ae2,"data"
3a84fc07007f5d44529c96e30b78f3961a6a63c1ea886f747a75973a9732df49,"data"
3b15778595cef00d1a51035dd4fd65e6be97e73544cb1899f40aec4aaa0445ae,"Bourne-Again shell script, ASCII text executable"
3b880fab1bb091229194d746a9e84645022cbb7a76964067de413cc6b028ea25,"ASCII text, with very long lines, with no line terminators"
3f52d877fe85fbce265a941baa414e24eb85e8eaf56ab1b732d5702b1973c7bb,"ASCII text"
406fbb3247843b8e0bf6dca451b8a34e0c14b37477443796544bd6120e34a602,"ASCII text"
4125a1dbd9d9686d68b7b612b661aceeed28b8515b7b4b6993b027304c9552b7,"ELF 32-bit LSB pie executable, Intel 80386, version 1 (GNU/Linux), statically linked, no section header"
4325abc9238a172f1061499b42c795656cae94646990c36777c6176e432d83e7,"ASCII text"
4355a46b19d348dc2f57c046f8ef63d4538ebb936000f3c9ee954a27460dd865,"ASCII text"
43e2257902c7db77e107901d2f2c2f870c08063d32746fb51a8dbb1aeceec817,"data"
45183829a069e60c58437947a9212423db974090ab8a56a0f28c491de093df15,"ELF 64-bit LSB executable, x86-64, version 1 (SYSV), dynamically linked, interpreter /lib64/ld-linux-x86-64.so.2, missing section headers"
4572377d94f19c4136b6b3aa6cf4127dd274a546a0ae73fe7f036a33da809c77,"ELF 32-bit LSB executable, ARM, EABI5 version 1 (SYSV), statically linked, stripped"
45c306e176c2dfd09325ad5637041a7c801700cb79da829cae9477b3e8eddd68,"ELF 64-bit LSB executable, x86-64, version 1 (SYSV), dynamically linked, interpreter /lib64/ld-linux-x86-64.so.2, missing section headers"
464bc92ad28c6d860333e8839f20d6ad316897f0d73649fcc8136dac9b55dae0,"Bourne-Again shell script, ASCII text executable"
47b268c21591069bfe4099833ad66b8138a53ab2dcb866e040d466aee1f8624c,"ELF 64-bit LSB executable, x86-64, version 1 (SYSV), dynamically linked, interpreter /lib64/ld-linux-x86-64.so.2, missing section headers"
48409bbbe5559ec2eae71fcfd8dcdb5ebe7472ef864eabdcdca427660287e0fc,"ELF 32-bit LSB executable, MIPS, MIPS-I version 1 (SYSV), statically linked, stripped"
4b177036ebce2b643e4f73dfdf3e7d9a1d0c7ce52670d5a9c0e70dda263922a1,"data"
4be3587fff7bd24fe254f2dee5c3501fd2824ec5dc7f3e4f7e1a6f1e130e8ad6,"gzip compressed data, last modified:Tue Sep  3 11:02:03 2019, from Unix, original size modulo 2^32 13701120"
4e66c497cee23486c651d5036d468e2c2fb8c0ddba7416326a5cfe474a75095b,"data"
4f02cc4d5426b63e3eca3ada3c9a8a111a952c0e373c5500519ea8eea5ade853,"ELF 32-bit LSB executable, Intel 80386, version 1 (SYSV), statically linked, for GNU/Linux 2.6.9, stripped"
5103976b5b3febfaf86acc69bafde59967181628b16847b0d40f67ec0068bf4c,"data"
515ab9925bb608bbd0e5bdb9d0c45b8ac43a8f57da2cf988fbd7081b5033a74c,"data"
519d5ea382ac0ba95b5b7735faa1eb50a561a349050e0002e149cc7ff8836378,"data"
52d0c6f738ad1186407dc9c1ec588fcb65a4295473b660b355dbe96c24585bdb,"data"
5490b3a2bb9fba5977d339f39396cdfe0e0cef66c10e11826c43169d6edc7a40,"ELF 64-bit LSB executable, x86-64, version 1 (SYSV), dynamically linked, interpreter /lib64/ld-linux-x86-64.so.2, missing section headers"
562c6463404c02960d35c591b45444721c07a98b46dac09b32d75f2b3567abb3,"ASCII text"
58106a5d80f3f58f2d606c39954e1c31fada923d03b21e9135f5854754cc0f10,"gzip compressed data, last modified:Mon Feb 24 18:30:05 2020, from Unix, original size modulo 2^32 137485222"
5c4eacd8c779ca17003d22a368ab74e5aed98bc5efead9cfec48ce142a4eeff2,"ASCII text"
5ce92942d34bc35cbe3fb8759b810481b11ff43b070b6e67c124d88a83c93176,"data"
5e9747bbc50448329ec19615861b53c11398ccd171c4c7e5c227e0c1d73fb219,"ELF 64-bit LSB executable, x86-64, version 1 (SYSV), dynamically linked, interpreter /lib64/ld-linux-x86-64.so.2, missing section headers"
5ef37c1e7f51bedfe1ba9e4d8db16a14c541929029f344a023b72d52a0febd22,"ASCII text"
5f496fdeecef8e3d8c5b2ab39087b58bd79bf8b4b5e1234b33eac8c6ca356674,"data"
5ffdf7536899526ec78197a286399f011f4723f814412d097aa65d76072f1b65,"Bourne-Again shell script, ASCII text executable"
630295e5239d386f338f08e112049bef866ae81ee9bb45548bf9ad6bd14802c1,"Bourne-Again shell script, ASCII text executable"
645b0f688fead7d9413f8c141fc1fc29113f0209c42284f2e8574e7ac7f41d4c,"data"
64a436f5747650141960ecf81f223ae1f503d0fd444cc687056c4131853b81c1,"Bourne-Again shell script, ASCII text executable"
65c28c918a863712023ec0e34dda8d631b8d003d6d6307dc892cf73158bc5bc6,"ELF 32-bit LSB executable, ARM, EABI5 version 1 (SYSV), statically linked, stripped"
6788d005a6caf94eb38038e503f72299674d935d60c98539219679b61a563bcf,"ELF 64-bit LSB pie executable, x86-64, version 1 (SYSV), statically linked, no section header"
6afd92ef08cc860572d7c3443c9ed6ffbd660c0efd75dd262d51534237b7a98c,"data"
6b5afe506c5b4db4094797166a92021271a623af48f1d476185858264909d8c7,"ELF 64-bit LSB executable, x86-64, version 1 (SYSV), dynamically linked, interpreter /lib64/ld-linux-x86-64.so.2, missing section headers"
6c4d9d2f020c76a1ed875e1a9500e211b2d42454f395df152ddc12f116d7e642,"Bourne-Again shell script, ASCII text executable"
6d1fe6ab3cd04ca5d1ab790339ee2b6577553bc042af3b7587ece0c195267c9b,"Bourne-Again shell script, ASCII text executable, with very long lines"
6f922abf3efc96d286a432e6bfdef73a44a6f4257bc9f36f460a57959180e49a,"ELF 32-bit LSB pie executable, ARM, EABI5 version 1 (GNU/Linux), statically linked, stripped"
704dd53ce0ede42a6f11ddd2ec9d2f0333722f58227e6740197f27d17cdfaeac,"data"
720b3d089679f26e02c2f9bf05a466e768557b91627e840a2cd26eb480dc8418,"ELF 64-bit LSB pie executable, ARM aarch64, version 1 (SYSV), statically linked, no section header"
7215f53b3defdafc3df86191bcb8d1824a5231c0e58d9e2efc899f482b36a51d,"data"
739b00a13d1074abfcaa0f380dbc54e0efc0fc793df173fb252c1f8f0429d9a4,"data"
746a154e5586816d0c3c63a84a7974135135b0b6b54f452018a20ad43fe11835,"ELF 32-bit MSB executable, MIPS, MIPS-I version 1 (SYSV), statically linked, stripped"
75a512a7acd86a80d2ff5c180c80d1a852e7391aeeacc1ebcfae9e344b5c940f,"ELF 64-bit LSB executable, x86-64, version 1 (SYSV), dynamically linked, interpreter /lib64/ld-linux-x86-64.so.2, missing section headers"
771229b5b05e22d4f43e728b38c1e6f08fe7157e3c6dcade0e9af065f710f22d,"ELF 64-bit LSB executable, x86-64, version 1 (SYSV), statically linked, stripped"
77a2c317ca9d43acc056cf8217a8c838d23af63965b33dc931877360d5919b8d,"ELF 32-bit MSB executable, SPARC, version 1 (SYSV), statically linked, stripped"
7a19f86b54f6a6310b041c0a72fcdde9b833afeed46641b5eec602baa3ffcdf7,"ELF 32-bit LSB executable, MIPS, MIPS-I version 1 (SYSV), statically linked, no section header"
7aa6518ffe1f152fe800886311d208b4387a069b5b06f82a3c1c7cd6167e90be,"ASCII text"
7aae334219ed0d7af2eaff729050ae2fc1bdf2c286fdc8a00be39c8f4907ff19,"ASCII text"
7c4d16ae0e92dfc65fde6e700929fefaaf4a42f0e4c6cf6996d317940d3859c1,"ELF 64-bit LSB executable, x86-64, version 1 (SYSV), dynamically linked, interpreter /lib64/ld-linux-x86-64.so.2, missing section headers"
7f6e0fa785820075a61819ca6b272a239733b770eb8a92a4056cf5d26d89795f,"ASCII text"
7fdeaaafa04c53e557aaababd0e45f8e686d8deb5303284ee2b85377c3385fd0,"ASCII text"
818675ba09b4883e57790aff9a79669275dfe088d02dc5f5cf459b16375d17db,"ELF 64-bit LSB executable, x86-64, version 1 (SYSV), statically linked, stripped"
81a6656cc4e21756cc7e3cedd394b3afa282c4b5505b002b8edbe796ac850d91,"data"
82ef14bcac9e0cb91a7e13eaaef78607f9b1d15e487da1b919d67142d3b89938,"ASCII text, with very long lines"
83a763390b3ead9b8e88b49f1297d5b609471ecd9bdb155f05eb8043d207e52b,"ASCII text"
86d452cfb1b8a0aba566f06ef029b1e70c234454292555ea4572eb188cd794f8,"ASCII text"
88dc89bf303026c3ea273d879148e308a503cb211538f4cc47b667cf9f43bebb,"ELF 64-bit LSB pie executable, ARM aarch64, version 1 (SYSV), statically linked, no section header"
8a68d1c08ea31250063f70b1ccb5051db1f7ab6e17d46e9dd3cc292b9849878b,"OpenSSH RSA public key"
8ad960a2a5f02111a640fcac875d60c9de9275c2d0f3e399aef5360eb211e7f0,"ELF 32-bit MSB executable, MIPS, MIPS-I version 1 (SYSV), statically linked, stripped"
8bc481e316f5e736f8d4e4cb289f52827f7bd78fa0f3cb3a8bb5aec212c3cf69,"data"
8bd50b7fbc8d0b81c79941318d7517bdf327972e0b5025acae1c9d215a107f9a,"ELF 32-bit LSB executable, ARM, EABI4 version 1 (SYSV), statically linked, not stripped"
8e8ae289ebc4415f3e7f4ae2bf45ae9c66c3029b08fe5ccdc35fbd910cfe93e0,"gzip compressed data, last modified:Mon Jan  6 14:07:35 2020, from Unix, original size modulo 2^32 4266744127"
8fc5d13238daba3a4986d674ad885f81850c67000c7f4f57df707f5d810ad241,"ELF 32-bit LSB pie executable, Intel 80386, version 1 (GNU/Linux), statically linked, no section header"
8ff593dee718d7596b3d81d02cabe25423fd2eeb056203e3ab4eb7502ce6aea2,"ASCII text"
91e26024b7a6372890bf2a0e8005e899c188a30554df6464d373236ca27f229f,"data"
92d1ce7b5845454132cf413e749a7fc0c573d36641429812f99344fd7b850e15,"data"
942641e3997f98bd38ad91561f50910b071a9c495fdff745996cd6c0c2212c18,"OpenSSH RSA public key"
94f2e4d8d4436874785cd14e6e6d403507b8750852f7f2040352069a75da4c00,"ELF 64-bit LSB executable, x86-64, version 1 (SYSV), dynamically linked, interpreter /lib64/ld-linux-x86-64.so.2, BuildID[sha1]=300bf5c7e304c732122f0b0fa290bda984441bd6, for GNU/Linux 3.2.0, stripped"
958f1f6f76e574240c8dda300989e6d166e61b3d1a5547f9fe454d5794021edf,"ASCII text"
9836a6944beb66aa5b6465e9aeeb9a5567e4d253395527b24e2a1aadc1037384,"gzip compressed data, last modified:Tue Sep  3 11:02:03 2019, from Unix, original size modulo 2^32 3675577200"
9868c8dd58aa2b0e777c3ac76cb855d3123325446bf8559c4578036e6199aa2a,"ELF 32-bit MSB executable, PowerPC or cisco 4500, version 1 (SYSV), statically linked, stripped"
9a45029b646e2d20015695b5541f5fb76eace740bf329dc05af8ea53bd89619c,"ASCII text"
9a708dc99d3bee85f513f1aa9b6e90d4eb2575dbfece25880ee18657539ac22c,"Bourne-Again shell script, ASCII text executable"
9bfae8b4936a3a8a5b621411d39e2c9546e0f38b070373e35a8ebe3258db200e,"ELF 32-bit LSB executable, Intel 80386, version 1 (GNU/Linux), statically linked, no section header"
9cbbeb3f16791eb75f9dd1311268e2d6f584d442320b1ff453c5e12903b30f7b,"data"
9e8c44908b8f0bec30283494a6478b3e44eaf57481ff47f3597f9b2c0a805508,"ASCII text"
9ecbeee2c88e701fe3d39e868c0a102cc77c033775f8fa9625ae83e9150a2a50,"ELF 64-bit LSB executable, x86-64, version 1 (SYSV), dynamically linked, interpreter /lib64/ld-linux-x86-64.so.2, missing section headers"
9ef2ef02376445bf4c145820c0c81f2bbe0b96f2017278562e0bd259bf7bd061,"ELF 32-bit LSB pie executable, Intel 80386, version 1 (GNU/Linux), statically linked, no section header"
a04ac6d98ad989312783d4fe3456c53730b212c79a426fb215708b6c6daa3de3,"ELF 32-bit LSB executable, ARM, EABI5 version 1 (GNU/Linux), statically linked, no section header"
a0948427c8363d8fbf91aecb5e3fd84946849dd0d5e402aade25ed9a19c950f7,"data"
a0beb4e3c8ebfd9f86f43c91c424056f1e476a458c41a05941b152f943bd5584,"ELF 32-bit MSB executable, MIPS, MIPS-I version 1 (SYSV), statically linked, stripped"
a2718a829cf311f77dc8d9fdbd50246921b7783c8192827e79e007acf96ea6ca,"ELF 64-bit LSB executable, x86-64, version 1 (SYSV), dynamically linked, interpreter /lib64/ld-linux-x86-64.so.2, missing section headers"
a298c4181ef82384bffa9634103b26c7d618978395c923be93212031a6c904f6,"ELF 32-bit MSB executable, MIPS, MIPS-I version 1 (SYSV), statically linked, stripped"
a2ae06a82c054148f86db793959830c1d206241b91dcb81a9b04f78453597e59,"ELF 64-bit LSB executable, x86-64, version 1 (SYSV), dynamically linked, interpreter /lib64/ld-linux-x86-64.so.2, too large section header offset 28424128"
a4310c9def8231c72dc77111162591d3ebfd4e7a1e100370dcb514e15b3e2e0f,"ELF 32-bit LSB executable, MIPS, MIPS-I version 1 (SYSV), statically linked, stripped"
a7052ea19bbf5cf3e051f045e1d87f2907f2d02848fa9feb44e75e52cbd2a72d,"ASCII text"
a728692cf481ed612a35421967a9a499bf1b74f5771059002dfa42c413dda6c7,"ELF 64-bit LSB pie executable, ARM aarch64, version 1 (SYSV), statically linked, no section header"
a843ac9c087f399fbf8ef10fec872a732c9cf97c2cd249566a6133a2cebdc0c1,"ELF 32-bit LSB pie executable, ARM, EABI5 version 1 (GNU/Linux), statically linked, stripped"
a8460f446be540410004b1a8db4083773fa46f7fe76fa84219c93daa1669f8f2,"OpenSSH RSA public key"
aaa88826b4eb5ded1e99b4b06de8bd6bda5d50812416fd4c19da0739012cfb3f,"ELF 32-bit LSB executable, ARC Cores Tangent-A5, version 1 (SYSV), statically linked, stripped"
ab897157fdef11b267e986ef286fd44a699e3699a458d90994e020619653d2cd,"ELF 64-bit LSB pie executable, x86-64, version 1 (SYSV), statically linked, no section header"
ac3658be9ec9857f736956e2ca76e825931c486c1420554404fd5a963b514330,"ELF 32-bit LSB executable, ARM, EABI5 version 1 (SYSV), statically linked, stripped"
b039c6b49f978cdb5bfe835c94a0d81479c171e1e2e118c4e42f46ed980fe14a,"ASCII text, with CRLF line terminators"
b244f931be2522b498ccbf8825c5fce8f49cd926687f97b27e0fcd155c2a3584,"ASCII text"
b2abbc4c02955abf5030c05beab2325a902eace0821af7714df45e60139823a3,"ASCII text"
b3b9a398410077899e286f0e23e7c28b82912670c5e75301e26a741f635fef12,"ELF 64-bit LSB executable, x86-64, version 1 (SYSV), dynamically linked, interpreter /lib64/ld-linux-x86-64.so.2, too large section header offset 28424128"
b3f82e8a9815060d4982f236f55205bdb05d3100c8b0647468cdc672f02348c3,"ELF 64-bit LSB executable, x86-64, version 1 (SYSV), dynamically linked, interpreter /lib64/ld-linux-x86-64.so.2, missing section headers"
b4dddcdf13cf61a26f9a622be996a33908c7f6bd03a223e393a32482f28c199b,"gzip compressed data, last modified:Tue Sep  3 11:02:03 2019, from Unix, original size modulo 2^32 802599075"
b9e643a8e78d2ce745fbe73eb505c8a0cc49842803077809b2267817979d10b0,"ELF 64-bit LSB executable, x86-64, version 1 (SYSV), dynamically linked, interpreter /lib64/ld-linux-x86-64.so.2, Go BuildID=OttNCKJJuAQ4NQ-prOfa/SXOw9b5r_XbrMIXoAQre/t5Z4BcUk-VUDnL_-FoBx/RAVMiaQJu_NAEOO6wzkN, stripped"
bb89c096c912fcc5fb29833023ee72c3c7916b41891785e2ab17bd3b62e20c02,"ELF 32-bit MSB executable, MIPS, MIPS-I version 1 (SYSV), statically linked, stripped"
bc5964d46a872260b429717a7263ccbece8592b34b84869563d6092c868a253a,"ELF 32-bit MSB executable, MIPS, MIPS-I version 1 (SYSV), statically linked, stripped"
bdcb3fe159a00c19682c86463d35ddbf26d43597c340ae340ddb79a6e6b1ac2d,"ASCII text"
be62014d55d8562493ae0b6c25494d6e344c14043d80c8cc20dce3b363433e6b,"ASCII text"
bfc4d1b7ad0fa67772794eeb6bcf683c6449f7523e44325dedac7f177490676e,"ELF 32-bit LSB executable, MIPS, MIPS-I version 1 (SYSV), statically linked, stripped"
c090ae197a6cd91ba529374e99972b78cda533f4ee94a292446ca88498ed453a,"data"
c2be5eb0267b2e668fa27f514d6e77936ae7174eb2ed6e9785239757471adcbd,"ASCII text, with CRLF line terminators"
c689354ea82ea3c621f05b7ae0aac44adb68da43e94311e99d31e4d4e0dc7efe,"ASCII text"
c801a195cb85ddc6bfe5b95114a078b9be030d80cedeceba1e4c20d3858418aa,"ELF 32-bit MSB executable, SPARC, version 1 (SYSV), statically linked, stripped"
c8be8315e0a990ed105069afe2a1354f1c7a0f25123bf326c11c98ef82e13ac6,"data"
cb678196ed362e2252077d56ada8238acff7d4ed6b10421ef7cc5c620589cdf3,"ASCII text"
cbcf9a2a197e699c76b898060c44f713a32bf1fd1f6cbf320a102bc47dcfe2c2,"gzip compressed data, last modified:Tue Mar 17 14:05:34 2020, from Unix, original size modulo 2^32 3479438541"
cd8041fc39dbd43ead00d75d64f32e1778f0fb3e32ee3b8e2a024d60e733d66b,"ELF 64-bit LSB executable, x86-64, version 1 (SYSV), dynamically linked, interpreter /lib64/ld-linux-x86-64.so.2, missing section headers"
cdfb39095f6ef0494fae5b630b2bbbea67dd18f8581d1a48441160e5458acbec,"ASCII text"
ceec2ae80217882a47f718975f6cf5eb8bf8162fb381886a59835a6ec4916c30,"ELF 64-bit LSB executable, x86-64, version 1 (SYSV), dynamically linked, interpreter /lib64/ld-linux-x86-64.so.2, missing section headers"
cf8123598b1420a58610e81423d07660042eb3cdf96cad92b280d5105ce3d940,"data"
d10c5feebee169dd94208f86a9d4f385eb02de8ee29b411eef4c1a7b6167787c,"ELF 64-bit LSB executable, x86-64, version 1 (SYSV), dynamically linked, interpreter /lib64/ld-linux-x86-64.so.2, missing section headers"
d1e26dbea1f03e0a020503549a4efa6a796c0feddbd193b4fe9ae9dd2e1a948b,"gzip compressed data, last modified:Tue Mar 17 14:05:34 2020, from Unix, original size modulo 2^32 3171718904"
d2b7f83d50e70dfc3e20b8bf71bf33a57c9425d45bcc73160245ea0eaa55c057,"data"
d42fef60e13ef1c7ccb1039044bbf307c5d4417a7abf0b271956cef6e2d593be,"ELF 32-bit LSB executable, MIPS, MIPS-I version 1 (SYSV), statically linked, stripped"
d46555af1173d22f07c37ef9c1e0e74fd68db022f2b6fb3ab5388d2c5bc6a98e,"Bourne-Again shell script, ASCII text executable"
d546509ab6670f9ff31783ed72875dfc0f37fa2b666bd5870eecaaed2ebea4a8,"ELF 32-bit MSB executable, MIPS, MIPS-I version 1 (SYSV), statically linked, no section header"
d5601202dff3017db238145ff21857415f663031aca9b3d534bec8991b12179a,"ELF 32-bit LSB executable, MIPS, MIPS-I version 1 (SYSV), statically linked, no section header"
d6528bab8c5559c68312285c0c214744f0f33ba93a51942bcc6d9d2770476e26,"data"
d7f98e379c400c13340781ccb65017c000330824ea26680866b9d3e43d641721,"ELF 64-bit LSB executable, x86-64, version 1 (SYSV), dynamically linked, interpreter /lib64/ld-linux-x86-64.so.2, missing section headers"
d9b8aded3068a0eb0e1ccd9174fff8866c35aacc38c17babebb5eeaaa747e68b,"data"
da5a3f86b3a36d6ffe29cb5beda9394ff71a69a3278106dd0d8459c7a698d870,"gzip compressed data, last modified:Mon Jan  6 14:07:35 2020, from Unix, original size modulo 2^32 2128967045"
da9a51bcf05b047eeee9b6572babb86a7105743b49f3ae973c92fc71ee9170be,"ELF 32-bit MSB executable, MIPS, MIPS-I version 1 (SYSV), statically linked, missing section headers"
db06a40d33db2416bcc452736ad5ee7b4035c457b3f7d559b05ec200d6a8c7a5,"ELF 32-bit LSB executable, ARC Cores Tangent-A5, version 1 (SYSV), statically linked, for GNU/Linux 4.8.0, with debug_info, not stripped"
dd8c9ddcb52e2c733b37a4eec2e00fb39e8ccea196a6550d298621b85d3bb2e6,"ELF 64-bit LSB executable, x86-64, version 1 (SYSV), dynamically linked, interpreter /lib64/ld-linux-x86-64.so.2, missing section headers"
de1f95c2126248ebb8e08ab8bd1a897ea1069d64372b69b936c91fbe06653365,"ELF 32-bit LSB executable, Renesas SH, version 1 (SYSV), statically linked, stripped"
df46713c459edb811814c12babe940b480e945a9a0ab4906d165301bcf70c6cc,"ELF 64-bit LSB executable, x86-64, version 1 (SYSV), dynamically linked, interpreter /lib64/ld-linux-x86-64.so.2, missing section headers"
e056263435f622034d4bc2375b2f60619e9e7dd0cabaaa34f8ade90649d8e213,"ELF 32-bit MSB executable, PowerPC or cisco 4500, version 1 (SYSV), statically linked, stripped"
e15e93db3ce3a8a22adb4b18e0e37b93f39c495e4a97008f9b1a9a42e1fac2b0,"ELF 32-bit LSB executable, ARM, version 1 (ARM), statically linked, no section header"
e334b7bb3d687f84b56d007a0e6f0344721916223bf3faaf44f83780487589e2,"ASCII text"
e4103fc7c66f38038749330426cc269b4cdc538399274af861f47807c830b589,"ELF 32-bit MSB executable, MIPS, MIPS-I version 1 (SYSV), statically linked, stripped"
e4c905ca73ab90f4462483909c1aa1aee2c7f1a563618c1da8487bc80739a85e,"ASCII text"
e4cc9a566e92fd87c00dfe2398f93b7badd2110cb712145e344e20aa0ddc6457,"ELF 32-bit LSB executable, Intel 80386, version 1 (SYSV), statically linked, stripped"
e7ce03afb4326a44dd56358bf7ea6022adb72d8f036d1e901a28949b42f4c138,"ASCII text"
e89b79c039776ff64e4979a80fa95c020161a98f8cb434fbfd09f409ba73bd9e,"ELF 32-bit LSB pie executable, Intel 80386, version 1 (GNU/Linux), statically linked, no section header"
ea9f3911ff2884621874c1e98b5dc9139964adeab333b92816eb5c307d73a67f,"ELF 32-bit LSB pie executable, ARM, EABI5 version 1 (GNU/Linux), statically linked, stripped"
eacdd45f881888d24e377b8de292525ca3d3fee28eec1c218a09ff95f1cdcffd,"ELF 64-bit LSB executable, x86-64, version 1 (SYSV), dynamically linked, interpreter /lib64/ld-linux-x86-64.so.2, missing section headers"
eb3e620239af3f29c72eca32397d0a004c2789a4d32da82365bdbf41f91e2a68,"ELF 32-bit LSB executable, MIPS, MIPS-I version 1 (SYSV), statically linked, stripped"
eca78a2b624be1c970b4ceb314c4d6b4d173648b18b7b609cdb046a84345a2a6,"ELF 64-bit LSB executable, x86-64, version 1 (SYSV), dynamically linked, interpreter /lib64/ld-linux-x86-64.so.2, missing section headers"
f01cac66a63b3bfd7409e4bceef30973a813f6ed4e99958313657449b1c7490f,"ELF 64-bit LSB executable, x86-64, version 1 (SYSV), dynamically linked, interpreter /lib64/ld-linux-x86-64.so.2, missing section headers"
f03d281504447f7a20d36406c6aad7dac59d0fc1a1222a7838aca1b70e9f8604,"ASCII text"
f14ac4122549b3e81a0177b6771c4b9931c9975d5cb04b8121d349257a4fc693,"ELF 32-bit LSB executable, ARC Cores Tangent-A5, version 1 (SYSV), statically linked, stripped"
f1743c85c03a153930f20798ad002acc377e1c32224a6633e45af272e08c9ea3,"ELF 64-bit LSB executable, x86-64, version 1 (SYSV), dynamically linked, interpreter /lib64/ld-linux-x86-64.so.2, missing section headers"
f39a76a26bba9049187a01e2b4a50725055a30c5c3c83994113574253e4bfe47,"ASCII text"
f3bd4f60322bfc24c5a7d0eafd0b221a538edfb1ddc32ecfa0906bb8c861fdfb,"ELF 32-bit MSB executable, MIPS, MIPS-I version 1 (SYSV), statically linked, missing section headers"
f6dc36025b1528ac9ba80e1f697b62af014ba3b44c244dfdcb7927fffe03d1ed,"ELF 64-bit LSB executable, x86-64, version 1 (SYSV), dynamically linked, interpreter /lib64/ld-linux-x86-64.so.2, missing section headers"
f72babf978d8b86a75e3b34f59d4fc6464dc988720d1574a781347896c2989c7,"ELF 64-bit LSB executable, x86-64, version 1 (GNU/Linux), dynamically linked, interpreter /lib64/ld-linux-x86-64.so.2, for GNU/Linux 2.6.32, BuildID[sha1]=c8f4c1b658beb445e09040a35df7995768ebfbcd, stripped"
f8a14f469df44352cf646a76a025dbd50daa54b5b3d9812dc22cc9d7269ea477,"data"
f8c18b7511e27d5431752c8cb521bea3b4048841f331a89e773918bf5e635cfd,"ELF 32-bit LSB pie executable, ARM, EABI5 version 1 (GNU/Linux), statically linked, stripped"
f9996fa88907b41d3e12ad81b86d9e2dad8e05813fe48bbbadce3ff081f96476,"data"
f9d9e0a13e316db8ad0385a9a9e1f89b669113f31bfb7a91adf7e5b52fcd0023,"ASCII text"
fbea8321142ea25ac14120c48ee15981b51afee2ee8498fafe3f0776659bcc79,"ASCII text"
ff6f81930943c96a37d7741cd547ad90295a9bd63b6194b2a834a1d32bc8f85d,"ASCII text"
