hash of the download file, Analysis results from VirusTotal AV agents
00deea7003eef2f30f2c84d1497a42c1f375d802ddd17bde455d5fde2a63631f,"DDoS, Detected, E64/ABRisk.WFGB-6, ELF, ELF/TrojanGen.A, HEUR, Linux.Generic.Threat, Mal/Generic-S, malware (ai score=99), null, PossibleThreat, RDN/Generic.dx, Trojan, Trojan.252279.Linux.1, Trojan.Gen.NPE, Trojan.Linux.dsm, Trojan.Linux.Generic, Trojan.Linux.Generic.355701, Trojan.Linux.Generic.355701 (B), Trojan.Linux.Generic.D56D75, Trojan.Linux.Miner.4!c, Trojan.Miner/Linux!8.13825 (CLOUD), TROJ_GEN.R002C0DFU24"
01ba4719c80b6fe911b091a7c05124b64eeece964e09c058ef8f9805daca546b,"null"
020f1fa6072108c79ed6f553f4f8b08e157bf17f9c260a76353300230fed09f0,"Backdoor, Backdoor.Agent/Linux!1.E682 (CLASSIC), Backdoor.Hajime.Linux.132, Backdoor.Linux.bbxo, Backdoor.Linux.HAJIME.AF, Backdoor.Win32.Berbew.CNYY, Detected, E32/Hajime.G, ELF, ELF/Siggen.689!tr, ELF.Trojan.43640.GC, GenericRXHU-OQ!5377E8F2EBDB, HEUR, Linux.Backdoor.Hajime.Mzfl, Linux/Hajime.A, LINUX/Hajime.ladbe, Linux.Siggen.689, Linux.Troj.Generic.zp, Mal/Generic-S, Malicious (score, Malware@#2n0mkm2mcvh97, malware (ai score=100), Malware.LINUX/Hajime.ladbe, null, Suspicious.Linux.Save.a, Trojan, Trojan[Backdoor]/Linux.Hajime.c, Trojan.Gen.2, Trojan.Hajime.fdakgq, Trojan/Linux.Agent, Trojan.Linux.Hajime, Trojan.LInux.Hajime, Trojan.Linux.Hajime.m!c, Trojan.Linux.Mirai.MKK, Trojan.Linux.Mirai.MKK (B), Unix.Malware.Agent-6626467-0"
0527212d9df8cbdc8a4e29229a4374ab39413a54af378401122c060abe7595f4,"BV, HEUR, null, Trojan.Generic-Script.Save.ba608, Trojan.Shell.Agent.a!c"
0594a3a4f601f22e84532339c3d8f7983a5c9f308db83e785c7ed724eb23a2ff,"a variant of Linux/Agent.GF, ELF, ELF/BruteForce.I!tr, LINUX/Agent.etkyc, Linux.Trojan.Agent.EWN4KM, Malware.LINUX/Agent.etkyc, null, Trojan, Trojan.Linux/BruteForce!1.BB48 (CLASSIC), Trojan.Linux.Generic.4!c"
05f088778d3522f7b02465be38ec5548d9dbdeb142b4aed8d3c915c1a420a556,"BV, Downloader.Agent/BASH!1.DB4B (CLASSIC), ELF_MIRAILOD.SM, Heur, HEUR, LINUX/Agent.SH.B, Linux/Agent.SHS!tr.dldr, Linux.DownLoader.664, Linux/Downloader.w, Linux/TrojanDownloader.SH.S, Malicious (score, null, Shell/ElfDownloader.S1, SH/Mirai.A.gen!Camelot, Trojan, Trojan.Script.Downloader.fjajjs, Trojan.Shell.Downloader.39008, Virus.Generic-Script.Save.ba1"
09647acda8d5539b5e4512db30608a67999b5b40f495b21045ab266acbfd4cce,"Adware/Miner, Application.Linux.Generic.23451, Application.Linux.Generic.23451 (B), Application.Linux.Generic.D5B9B, a variant of Linux/CoinMiner.AV potentially unwanted, CoinMiner.Linux.Agent.Vqjc, Detected, E64/ABRisk.LXAZ-2, ELF/TrojanGen.A, Generic Reputation PUA (PUA), Linux.Risktool.Bitcoinminer.Tzfl, Linux.Siggen.7527, Linux.Troj.Generic.v, Malicious (score, malware (ai score=99), Miner, not-a-virus, null, Other, PotentialRisk.PUA/AVI.CoinMiner.vbhxx, PUA/AVI.CoinMiner.vbhxx, PUF.CoinMiner/Linux!8.15288 (CLOUD), Riskware.Linux.BitCoinMiner.1!c, Trojan, Trojan.Gen.NPE, TROJ_GEN.R002C0DF524"
0dc5f305326adb4192db7f12cdf26e6f9eb3cd64216b3f890c01eab9e3bda37f,"BASH/CoinMiner.SHELL!tr.dldr, BV, Downloader.Agent/BASH!1.DB4B (CLASSIC), ELF_MIRAILOD.SM, Generic.Bash.MiraiA.78029A8D, Generic.Bash.MiraiA.78029A8D (B), Heur, HEUR, LINUX/Agent.SH.B, Linux.DownLoader.664, Linux/Downloader.k, Linux/TrojanDownloader.SH.S, Malicious (score, Mal/ShellDl-A, malware (ai score=89), null, Shell/ElfDownloader.S1, SH/Mirai.A.gen!Camelot, TrojanDownloader, Trojan-Downloader.Linux.Sh, Trojan.Gen.NPE, Trojan.Script.Downloader.fjajjs, Trojan.Shell.Agent.a!c, Trojan.Shell.Downloader.39008, TrojWare.Script.TrojanDownloader.Agent.D@7qvmcx, Virus.Generic-Script.Save.ba1"
0fbfa0de71ffae26c2dbe0f681c7d8b910107f055989b2716f162dc78fb3a42d,"CoinMiner/Linux.Multi.30171136, Detected, E64/Coinminer.FA, ELF, ELF/Generic.246192!tr, EXP/ELF.Coinminer.Gen.A, Exploit.EXP/ELF.Coinminer.Gen.A, Linux.BtcMine.607, Linux/CoinMiner.VP, Linux.Trojan.Coinminer.Edhl, Mal/Generic-S, Malicious (score, malware (ai score=87), null, Trojan, Trojan.246192.Linux.1, Trojan.Linux.Coinminer, Trojan.Linux.Generic.D2626869, Trojan.Linux.GenericKD.40003689, Trojan.Linux.GenericKD.40003689 (B), Trojan.Script.Sabsik.FL, Unix.Trojan.Miner-9993889-0"
0ffff3b87d314adc34b629cd1e58421935f5aad5010f8eb55710ba41bef34f18,"a variant of Linux/Agent.GF, ELF, ELF/BruteForce.I!tr, GenericRXIK-SD!98915C924408, GenericRXIK-UY!E2611512B4F9, HEUR, LINUX/Agent.qcvrq, Linux.BtcMine.271, Mal/Generic-S, malware (ai score=89), Malware.LINUX/Agent.qcvrq, null, Trojan, Trojan.Linux/Agent!1.C406 (CLASSIC), Trojan.Linux.Generic.167235, Trojan.Linux.Generic.167416, Trojan.Linux.Generic.167416 (B), Trojan.Linux.Generic.D28D43, Trojan.Linux.Ssh.m!c"
15b6b5499fdc0a336f332b9db70f1ead3a12eb068d1ff4cc4fe120e8868ba8d5,"a variant of Linux/Mirai.A, Backdoor.Linux.Mirai.wz, Backdoor.Linux.rec, Backdoor.Mirai/Linux!1.DAAB (CLASSIC), E64/Mirai.A.gen!Camelot, ELF, ELF/Mirai.ASX!tr, Elf.Trojan.A5596857, Gen, GenericRXLU-EV!72D5E58CE58F, HEUR, Linux/DDoS-CI, Linux.Mirai.EIM, Linux/Mirai.Gen35, LINUX/Mirai.urxvf, Linux.Siggen.9999, Linux.Trojan.Gafgyt, Lnx/Mirai-FEBO!72D5E58CE58F, Malicious (score, Malware@#38qwsy522j6a1, malware (ai score=100), null, Possible_MIRAI.SMLBO22, Static AI - Malicious ELF, Suspicious.Linux.Save.a, Suspicious.XOR_Encoded.bot!yf, Trojan, Trojan.Elf64.Mirai.joykez, Trojan.Linux.Generic.D3013F03, Trojan.Linux.GenericKD.50413315, Trojan.Linux.GenericKD.50413315 (B), Trojan.Linux.Mirai, Trojan.Linux.Mirai.K!c, Trojan.Malware.121218.susgen, Trojan.Mirai.Linux.114370, Unix.Trojan.Mirai-7100807-0"
18e0f574bf11bc5e7de8c95b83c187649b2d87d74651e59d9c2aad53ac7bb7f1,"BASH/Agent.HYF!tr, BAT/Agent.AUC, BV, Detected, Generic.Bash.MiraiB.981B668E, Generic.Bash.MiraiB.981B668E (B), LINUX/Dldr.Agent.hyf, Linux/Dldr-VN, Linux.DownLoader.2243, Malicious (score, malware (ai score=87), Malware.ELF-Script.Save.7e152ee8, Malware.LINUX/Dldr.Agent.hyf, null, Script.trojan.A12022130, Trojan[downloader], Trojan-Downloader.Linux.Agent, Trojan-Downloader.Shell.Agent.bi, Trojan.Gen.NPE, Trojan.Script.Bash.a!c, Win32.Trojan-Downloader.Agent.Ojgl, Win32.Troj.Undef.a"
199d11d0fd7043fe9206954ed8bc7b54d1912013a2a71bdf8bb007b71bb490c8,"null"
19a06de9a8b66196fa6cc9e86824dee577e462cbeaf36d715c8fea5bcb08b54d,"Adware/Miner, Application.Linux.Generic.23572, Application.Linux.Generic.23572 (B), Application.Linux.Generic.D5C14, Artemis!Trojan, a variant of Linux/CoinMiner.AV potentially unwanted, CoinMiner.Linux.Agent.Vlez, Detected, E64/ABRisk.FGDX-2, Generic Reputation PUA (PUA), LINUX/AVF.Miner.amqdk, Linux.Risktool.Bitcoinminer.Pjgl, Linux.Siggen.7584, Linux.Troj.Generic.v, Malicious (score, Malware.LINUX/AVF.Miner.amqdk, Miner, not-a-virus, null, Other, PUA.CoinMiner/Linux!8.15288 (C64, RiskTool.Linux.dyf, Riskware.Elf64.AVF.koeotx, Riskware.Linux.BitCoinMiner.1!c, Trojan, Trojan.Gen.NPE, TROJ_GEN.R002C0DF824"
1ac0daf6763960f89a393e9f88a596ecc5e3127987008300c0c048580cd23bc2,"Backdoor, Backdoor.IRCbot/BASH!1.CC7E (CLASSIC), Backdoor/Shell.IRCbot.S1490, Backdoor.W32.Linux.Agent.bc, BASH/IRCBot.AU!tr, BV, HEUR, HTML.Z.Agent.4766.FNQ, IRC.Backdoor.Trojan, Linux/Agent.a, LINUX/CoinMiner.ABB, Linux/IRCBot.AU, Linux.Siggen.2359, Malicious (score, malware (ai score=87), Malware.Generic-Script.Save.ba18, null, Possible_IRCBOT.SMLBO, Script.shellBotnet.37854, SH/IRCBot-ANS, Trojan.Linux.Agent.m!c, Trojan.Linux.Ircbot, Trojan.Script.Agent.hddrdp, Trojan.Shell.Agent.U, Trojan.Shell.Agent.U (B), Unix/Ircbot.U, Unk.Win32.Script.404173"
1b9a6185b32916c753a076f2522e73976ea8185e3c62bcbb811917c2173594df,"null"
21301f6826cfe730ef9af441685a8e2a4a4197b6b6783cc179c2dabb62ac2833,"BV, Detected, Downloader.Agent/BASH!1.DE16 (CLASSIC), Generic.Bash.MiraiB.87B457D0, Generic.Bash.MiraiB.87B457D0 (B), LINUX/Dldr.Agent.gyj, Linux/TrojanDownloader.SH.BGI, Malicious (score, malware (ai score=84), Malware.LINUX/Dldr.Agent.gyj, null, Trojan-Downloader.Linux.Sh, Trojan-Downloader.Shell.Agent.cr, Trojan.Generic-Bash.Save.cfd40c80, Win32.Trojan-Downloader.Agent.Dtgl"
21659a68bedfada5b0764e51cd128c6bc25a3fd37ca8c0d8b4734b67babd40d1,"Backdoor, Backdoor.IRCbot/BASH!1.CC7E (CLASSIC), Backdoor/Shell.IRCbot.S1490, Backdoor.W32.Linux.Agent.bc, BASH/IRCBot.AU!tr, BV, Detected, HEUR, IRC.Backdoor.Trojan, Linux/Agent.a, LINUX/CoinMiner.ABB, Linux/IRCBot.AU, Linux.Siggen.2359, Malicious (score, malware (ai score=87), Malware.Generic-Script.Save.ba18, Malware.LINUX/CoinMiner.ABB, null, Possible_IRCBOT.SMLBO, Script.shellBotnet.37854, SH/IRCBot-ANS, Trojan.Linux.Ircbot, Trojan.Script.Agent.hddrdp, Trojan.Shell.Agent.U, Trojan.Shell.Agent.U (B), Unix/Ircbot.U, Unk.Win32.Script.404173"
255a4e4e09c7d216b23939472ed80a5a710c33dac758b5459ad6332e7d7ec800,"null"
2588027eb2d626d43b4a398dd4ea7f4a86a6c8cdf15a920ddf4659f5011c9363,"Detected, E64/ABRisk.YHAY-5, ELF, EXP/ELF.Coinminer.A, Exploit.EXP/ELF.Coinminer.A, GenericRXSS-OO!CEE62BCE09D7, HackTool.NBMiner/Linux!1.E357 (CLASSIC), HEUR, Linux.BtcMine.772, Linux/CoinMiner.VV, Linux.Trojan.Coinminer.Htgl, Malicious (score, malware (ai score=86), null, PossibleThreat, Suspicious.Linux.Save.a, Trojan, Trojan ( 0040f4b01 ), Trojan.Gen.NPE, Trojan.Linux.Agent.4!c, Trojan.Linux.Coinminer, Trojan/Linux.CoinMiner.vv, Trojan.Linux.Generic.257015, Trojan.Linux.Generic.257015 (B), Trojan.Linux.Generic.D3EBF7, TROJ_GEN.R002C0PC724, Unix.Trojan.Miner-9993889-0"
29574dc19a017adc4a026deb6d9a90708110eafe9a6acdc6496317382f9a4dc7,"null"
2aa70ecbd3733c39ed5648ca4d09570629ed564430f8e8cb4c6460aae0cad942,"BASH/CoinMiner.B91E!tr, Bat.CoinMiner.43201, CoinMiner/Script.Generic.SC179066, Detected, E32/HackTool.D, HackTool, Linux/Agent.m, LINUX/Agent.qcvrq, Linux.BackDoor.Siggen.185, LINUX/Coinminer.ax, Malicious (score, Malware@#1xlpd1suifomm, malware (ai score=94), multiple detections, null, Other, RiskTool.Linux.bmt, Script.Trojan.Agent.51O2M6, Trojan.Elf32.Ssh.hdubyj, Trojan.Etecer.bW7Nyk.54, Trojan.Generic-Bash.Save.098e1b72, Trojan.Generic.D2F17070, Trojan.GenericKD.49377392, Trojan.GenericKD.49377392 (B), Trojan.Gen.MBT, Trojan.KillAVAT/BASH!1.D7F4 (CLASSIC), Trojan.Linux.Coinminer, Trojan/Linux.Shellbot, Trojan.Shell.Agent.ba, Trojan.SH.SSHBRUTE.UWEJU, Trojan.ZIP.Agent.4!c, Win32.Trojan.Agent.Rwhl, Win.Trojan.Agent-7658015-0"
2b02810459d7a1fd80dc674395a271181130b00cc4a0b92d8903c6fc97be2a53,"null"
2bd99634e0e91b9e72538a79d120ad3039e76ef2f5107a417c6f307978cadf5c,"Adware/Miner, CoinMiner/Linux.Agent.30304472, Detected, E64/ABRisk.ZOHE-7, ELF, EXP/ELF.Coinminer.Gen.A, Exploit.EXP/ELF.Coinminer.Gen.A, HackTool.NBMiner/Linux!1.E357 (CLOUD), Linux.BtcMine.683, Linux/CoinMiner.ABF, Mal/Generic-S, Malicious (score, malware (ai score=82), null, Static AI - Suspicious ELF, Trojan, Trojan.252279.Linux.1, Trojan.Gen.NPE, Trojan.Linux.Coinminer, Trojan.Linux.Generic.D1F0D, Trojan.Linux.GenericKD.7949, Trojan.Linux.GenericKD.7949 (B), Trojan.Linux.Linux.4!c, Trojan.Linux.MALXMR.USELVHJ23, Unix.Trojan.Miner-9993889-0"
2d6e2e1c77c80e8d0198ae76e7bb40db524f1e699211b554a126d20802f985f3,"ApplicUnwnt@#1f4zuef6vcfc9, Bat.CoinMiner.43201, BV, CoinMiner/Script.Generic.SC179066, Detected, ELF/BruteForce.I!tr, HackTool, Linux/Agent.m, Linux.Application.CoinMiner.AH (2x), Linux.BackDoor.Siggen.185, LINUX/Coinminer.ax, LINUX/CoinMiner.bbq, Linux/Miner-ADV, Malicious (score, Malware.LINUX/CoinMiner.bbq, multiple detections, null, RiskTool.Linux.axm, TAR/Mirai.AHS, Trojan.Elf32.BtcMine.ghcuez, Trojan.Etecer.bW7Nyk.54, Trojan.Generic-Bash.Save.098e1b72, Trojan.Gen.NPE, Trojan.KillAVAT/BASH!1.D7F4 (CLASSIC), Trojan.Linux.Coinminer, Trojan.Linux.Generic.299117, Trojan.Linux.Generic.299117 (B), Trojan.Linux.Generic.D4906D [many], Trojan/Linux.Outlaw, Trojan.Shell.Agent.4!c, Trojan.Shell.Agent.ba, Trojan.SH.SSHBRUTE.UWEJU, Unix.Malware.Agent-7141082-0"
2e9a3b287def69e22bfbf30db0aa531fcb018582d1d6e097fe56760dce36a42b,"Backdoor, Backdoor.IRCbot/BASH!1.CC7E (CLASSIC), Backdoor/Shell.IRCbot.S1490, Backdoor.W32.Linux.Agent.bc, BASH/IRCBot.AU!tr, BV, HEUR, HTML.Z.Agent.4766.FLC, IRC.Backdoor.Trojan, Linux/Agent.a, LINUX/CoinMiner.ABB, Linux/IRCBot.AU, Linux.Siggen.2359, Malicious (score, malware (ai score=86), Malware.Generic-Script.Save.ba18, null, Possible_IRCBOT.SMLBO, Script.shellBotnet.37854, SH/IRCBot-ANS, Trojan.Linux.Agent.m!c, Trojan.Linux.Ircbot, Trojan.Script.Agent.hddrdp, Trojan.Shell.Agent.U, Trojan.Shell.Agent.U (B), Unix/Ircbot.U, Unk.Win32.Script.404173"
2f8ea2f012869ccb2748cc552e854a21cd6bf224880eb9755db9d88e2295328e,"a variant of Linux/Mirai.BZQ, Backdoor, Backdoor.Gafgyt/Linux!8.132A2 (CLOUD), Backdoor.Linux.GAFGYT.USELVAD23, Detected, ELF, ELF/Mirai.VI!tr, Gen, HEUR, Linux.Backdoor.Mirai.Wwhl, LINUX/Gafgyt.kpfgp, Linux.Mirai.4300, Malicious (score, malware (ai score=86), null, RDN/Generic BackDoor, Suspicious.Linux.Save.a, Trojan[Backdoor]/Linux.Gafgyt.p, Trojan.Generic.32989216, Trojan.Generic.32989216 (B), Trojan.Generic.D1F76020, Trojan.Gen.NPE, UDS, Unix.Trojan.Mirai-9977541-0"
306b5745054cab7a000edf375dd4409935c6ff704dff0860a3563a04b3fa8e66,"BV, Detected, Downloader.Agent/BASH!1.DB4B (CLASSIC), Downloader.Trojan, ELF_MIRAILOD.SM, Heur, HEUR, HTML/ExpKit.Gen2, Linux/Agent.SHS!tr.dldr, Linux.DownLoader.664, Linux/ShellLoader.b, Linux/TrojanDownloader.SH.S, Malicious (score, Mal/ShellDl-A, malware (ai score=81), null, Script.Trojan.46536, Shell/ElfDownloader.S3, SH/Mirai.A.gen!Camelot, TrojanDownloader, Trojan-Downloader.Linux.Sh, Trojan[Downloader]/Shell.Agent, Trojan.Generic.D3E15372, Trojan.GenericKD.65098610, Trojan.GenericKD.65098610 (B), Trojan.Script.Downloader.hjbjdt, Trojan.Shell.Agent.a!c, TrojWare.Script.TrojanDownloader.Agent.SH@7q1bln, Virus.Generic-Script.Save.ba1"
325dbf58eb1fdea5a73fbee6d23286c59c1375cadb7eeaeb8cd8d136bd926b99,"Backdoor, Backdoor.IRCbot/BASH!1.CC7E (CLASSIC), Backdoor/Shell.IRCbot.S1490, Backdoor.W32.Linux.Agent.bc, BASH/IRCBot.AU!tr, BV, Detected, HEUR, IRC.Backdoor.Trojan, Linux/Agent.a, Linux/Agent.SC, LINUX/CoinMiner.ABB, Linux.Siggen.2359, Malicious (score, Malware@#38y07snt3haxn, malware (ai score=85), Malware.Generic-Script.Save.ba18, Malware.LINUX/CoinMiner.ABB, null, Possible_IRCBOT.SMLBO, Script.shellBotnet.37854, SH/IRCBot-ANS, Trojan.Linux.Agent.m!c, Trojan.Linux.Ircbot, Trojan.Linux.IRCBot, Trojan.Script.Agent.hddrdp, Trojan.Shell.Agent.U, Trojan.Shell.Agent.U (B), Unix/Ircbot.U, Unk.Win32.Script.404173"
33eef0c93b605ce87d0632bd362bcd033ee5c39dfb88f1d63e33ab27ea7e1179,"a variant of Linux/Mirai.A, Backdoor.Linux.rec, Backdoor.Mirai/Linux!1.DAAB (CLASSIC), Detected, E64/Mirai.A.gen!Camelot, ELF, elf.Mirai.2002000, ELF.Trojan.46523.GC, EXP/ELF.Mirai.Gen.M, Exploit.EXP/ELF.Mirai.Gen.M, Gen, GenericRXLU-EV!109C04C46658, HEUR, Linux/DDoS-EU, Linux.Mirai.EIM, Linux/Mirai.Gen35, Linux.Siggen.9999, Linux.Trojan.Gafgyt, Lnx/Mirai-FEBO!109C04C46658, Malicious (score, malware (ai score=100), null, Possible_MIRAI.SMLBO22, Static AI - Malicious ELF, Suspicious.Linux.Save.a, Susp.U.XOREncoded.sd!yf, Trojan, Trojan[Backdoor]/Linux.Mirai.b, Trojan.Elf64.Mirai.joookv, Trojan.Gen.NPE, Trojan.Linux.Agent.IOS, Trojan.Linux.Agent.IOS (B), Trojan.Linux.Mirai, Trojan.Linux.Mirai.K!c, Trojan.Malware.121218.susgen, Unix.Trojan.Mirai-7100807-0"
3474645503ee71af316f174c9f842261a1d37bf596376c8f90483cec57333b78,"Artemis!Trojan, CoinMiner/Linux.Agent.30304472, Detected, E64/ABRisk.NFJH-4, ELF, ELF/TrojanGen.A, EXP/ELF.Coinminer.A, Exploit, Exploit.EXP/ELF.Coinminer.A, HackTool.NBMiner/Linux!1.E357 (CLASSIC), Linux.BtcMine.683, Linux/CoinMiner.ABF, Linux.Generic.Threat, Linux/Miner.ABF!tr, Mal/Generic-S, Malicious (score, malware (ai score=85), Miner, null, Static AI - Malicious ELF, Trojan.252279.Linux.1, Trojan.Gen.NPE, Trojan.Linux.Coinminer, Trojan.Linux.Generic.4!c, Trojan.Linux.Generic.D532E, Trojan.Linux.GenericKD.21294, Trojan.Linux.GenericKD.21294 (B), Unix.Trojan.Coinminer-10007864-0"
350835390042d3fd42b6e0dd86ecdd7cb5d1801a826ceafeb1bac0d3963abb3d,"Backdoor, Backdoor.IRCbot/BASH!1.CC7E (CLASSIC), Backdoor/Shell.IRCbot.S1490, BASH/IRCBot.AU!tr, BV, Detected, HEUR, IRC.Backdoor.Trojan, Linux/Agent.a, Linux/Agent.SC, LINUX/CoinMiner.ABB, Linux.Siggen.2359, Malicious (score, malware (ai score=83), Malware.Generic-Script.Save.ba18, Malware.LINUX/CoinMiner.ABB, null, Possible_IRCBOT.SMLBO, Script.shellBotnet.37854, SH/IRCBot-ANS, Trojan.Linux.Ircbot, Trojan.Script.Agent.hddrdp, Trojan.Script.IRCbot.m!c, Trojan.Shell.Agent.U, Trojan.Shell.Agent.U (B), Unix/Ircbot.U, Unk.Win32.Script.404173"
3606f13d9b49710da4b67e14d1251872d5119e5094b70ce415de9fe6c6f1e872,"Adware/Miner, Application.Linux.Generic.21986, Application.Linux.Generic.21986 (B), Application.Linux.Generic.D55E2, Artemis!Trojan, a variant of Linux/CoinMiner.CP potentially unwanted, CoinMiner.Linux.Agent.Vx1c, Detected, E64/ABRisk.GNWH-4, Generic Reputation PUA (PUA), LINUX/BitCoinMiner.kbbyl, Linux.Risktool.Bitcoinminer.Edhl, Linux.Siggen.7273, Malicious (score, malware (ai score=99), Malware.LINUX/BitCoinMiner.kbbyl, Miner, not-a-virus, null, Other, PUF.CoinMiner/Linux!8.15288 (CLOUD), Riskware.Linux.BitCoinMiner.1!c, Trojan, Trojan.Gen.NPE, Trojan.Linux.MALXMR.USBLCF24"
362ee228a401039dbe7b6531bd3ad341bea0cd4264bab3375231ed9d5d8a8e68,"a variant of Linux/Agent.GF, Backdoor.SSh!8.4580 (TFE, ELF, ELF/BruteForce.I!tr, GenericRXIK-UY!B70F8C4AE0BA, HEUR, LINUX/Agent.oiyco, Linux.BtcMine.271, Malware.LINUX/Agent.oiyco, null"
36e70b9c5271aefeb3e4b4bc0eff8e81683f0ddfea4deed55dbc4cc0567ca179,"Artemis, DDoS, Detected, E64/ABRisk.JTFG-1, ELF, ELF/TrojanGen.A, HEUR, Linux.Generic.Threat, Mal/Generic-S, null, PossibleThreat, Trojan, Trojan.252279.Linux.1, Trojan.Gen.NPE, Trojan.Linux.dsm, Trojan.Linux.Generic, Trojan.Linux.Generic.355701, Trojan.Linux.Generic.355701 (B), Trojan.Linux.Generic.D56D75, Trojan.Linux.Miner.4!c, Trojan.Miner/Linux!8.13825 (CLOUD), TROJ_GEN.R002C0DFU24"
3a04bf4a5b6aa13200aab81e27c3393cee55f2ec3cdcdb4f2ff4daa296572ae2,"Backdoor, Backdoor.IRCbot/BASH!1.CC7E (CLASSIC), Backdoor/Shell.IRCbot.S1490, Backdoor.W32.Linux.Agent.bc, BASH/IRCBot.AU!tr, BV, HEUR, IRC.Backdoor.Trojan, Linux/Agent.a, LINUX/CoinMiner.ABB, Linux/IRCBot.AU, Linux.Siggen.2359, Malicious (score, Malware@#4p55jmi2xhiy, malware (ai score=84), Malware.Generic-Script.Save.ba18, null, Possible_IRCBOT.SMLBO, Script.shellBotnet.37854, SH/IRCBot-ANS, Trojan.Linux.Agent.m!c, Trojan.Linux.Ircbot, Trojan.Linux.IRCBot, Trojan.Script.Agent.hddrdp, Trojan.Shell.Agent.U, Trojan.Shell.Agent.U (B), Unix/Ircbot.U, Unk.Win32.Script.404173"
3a84fc07007f5d44529c96e30b78f3961a6a63c1ea886f747a75973a9732df49,"Backdoor, Backdoor.IRCbot/BASH!1.CC7E (CLASSIC), Backdoor/Shell.IRCbot.S1490, Backdoor.W32.Linux.Agent.bc, BASH/IRCBot.AU!tr, BV, Detected, HEUR, IRC.Backdoor.Trojan, Linux/Agent.a, Linux/Agent.SC, LINUX/CoinMiner.ABB, Linux.Siggen.2359, Malicious (score, malware (ai score=82), Malware.Generic-Script.Save.ba18, Malware.LINUX/CoinMiner.ABB, null, Possible_IRCBOT.SMLBO, Script.shellBotnet.37854, SH/IRCBot-ANS, Trojan.Linux.Ircbot, Trojan.Script.Agent.hddrdp, Trojan.Script.IRCbot.m!c, Trojan.Shell.Agent.U, Trojan.Shell.Agent.U (B), Unix/Ircbot.U, Unk.Win32.Script.404173, Win32.Troj.Generic.jm"
3b15778595cef00d1a51035dd4fd65e6be97e73544cb1899f40aec4aaa0445ae,"ABMiner.AEHA-8, BASH/Agent.DT!tr, BV, Detected, Linux/Agent.ABW, malware (ai score=80), Miner, null, Trojan.Generic.D45B1511, Trojan.GenericKD.73078033, Trojan.GenericKD.73078033 (B), Trojan.Linux.Coinminer, Trojan.Script.Miner.4!c, Trojan.Shell.Miner.as, W32.Common.C7680FD6, Win32.Troj.Undef.a"
3b880fab1bb091229194d746a9e84645022cbb7a76964067de413cc6b028ea25,"null"
3f52d877fe85fbce265a941baa414e24eb85e8eaf56ab1b732d5702b1973c7bb,"null"
406fbb3247843b8e0bf6dca451b8a34e0c14b37477443796544bd6120e34a602,"null"
4125a1dbd9d9686d68b7b612b661aceeed28b8515b7b4b6993b027304c9552b7,"Adware/Miner, Application.Linux.Generic.21984, Application.Linux.Generic.21984 (B), Application.Linux.Generic.D55E0, Artemis!Trojan, a variant of Linux/CoinMiner.CP potentially unwanted, CoinMiner.Linux.Agent.Vchz, Detected, E32/ABRisk.JNHD-4, ELF/TrojanGen.A, Generic Reputation PUA (PUA), LINUX/AVF.Miner.plxzm, Linux.Risktool.Bitcoinminer.Vmhl, Linux.Siggen.6689, Malicious (score, malware (ai score=99), Malware.LINUX/AVF.Miner.plxzm, Miner, not-a-virus, null, Other, PUF.CoinMiner/Linux!8.15288 (TFE, RiskTool.Linux.dro, Riskware.Elf32.AVF.kkvkga, Riskware.Linux.BitCoinMiner.1!c, RiskWare[RiskTool]/Linux.BitCoinMiner.n, Tool, Trojan.Gen.NPE, TROJ_GEN.R002H0CCC24"
4325abc9238a172f1061499b42c795656cae94646990c36777c6176e432d83e7,"null"
4355a46b19d348dc2f57c046f8ef63d4538ebb936000f3c9ee954a27460dd865,"null"
43e2257902c7db77e107901d2f2c2f870c08063d32746fb51a8dbb1aeceec817,"Backdoor, Backdoor.IRCbot/BASH!1.CC7E (CLASSIC), Backdoor/Shell.IRCbot.S1490, BASH/IRCBot.AU!tr, BV, Detected, HEUR, IRC.Backdoor.Trojan, Linux/Agent.a, Linux/Agent.SC, LINUX/CoinMiner.ABB, Linux.Siggen.2359, Malicious (score, Malware@#1reuck2ip70ci, malware (ai score=89), Malware.Generic-Script.Save.ba18, Malware.LINUX/CoinMiner.ABB, null, Possible_IRCBOT.SMLBO, Script.shellBotnet.37854, SH/IRCBot-ANS, Trojan.Linux.Agent.m!c, Trojan.Linux.Ircbot, Trojan.Script.Agent.hddrdp, Trojan.Shell.Agent.U, Trojan.Shell.Agent.U (B), Unix/Ircbot.U, Unk.Win32.Script.404173"
45183829a069e60c58437947a9212423db974090ab8a56a0f28c491de093df15,"CoinMiner/Linux.Agent.30304472, Detected, ELF, EXP/ELF.Coinminer.A, Exploit.EXP/ELF.Coinminer.A, HackTool.NBMiner/Linux!1.E357 (CLASSIC), HEUR, Linux.BtcMine.683, Linux/CoinMiner.ABF, Linux.Generic.Threat, Malicious (score, malware (ai score=84), Miner, null, Static AI - Malicious ELF, Trojan, Trojan.252279.Linux.1, Trojan.Linux.dsm, Trojan.Linux.Generic, Trojan.Linux.Generic.355701, Trojan.Linux.Generic.355701 (B), Trojan.Linux.Generic.D56D75, Unix.Trojan.Coinminer-10007864-0"
45c306e176c2dfd09325ad5637041a7c801700cb79da829cae9477b3e8eddd68,"Adware/Miner, CoinMiner/Linux.Agent.30304472, Detected, E64/ABRisk.TNLS-2, ELF, EXP/ELF.Coinminer.A, Exploit.EXP/ELF.Coinminer.A, HackTool.NBMiner/Linux!1.E357 (CLASSIC), Linux.BtcMine.683, Linux/CoinMiner.ABF, Linux.Generic.Threat, Mal/Generic-S, Malicious (score, malware (ai score=85), null, Static AI - Malicious ELF, Trojan, Trojan.252279.Linux.1, Trojan.Gen.NPE, Trojan.Linux.Coinminer, Trojan.Linux.Generic.4!c, Trojan.Linux.Generic.D532E, Trojan.Linux.GenericKD.21294, TROJ_GEN.R002H0CL323, Unix.Trojan.Miner-9993889-0"
464bc92ad28c6d860333e8839f20d6ad316897f0d73649fcc8136dac9b55dae0,"BASH/CoinMiner.SHELL!tr.dldr, BV, Downloader.Agent/BASH!1.DB4B (CLASSIC), ELF_MIRAILOD.SM, Generic.Bash.MiraiA.9FC52A0C, Generic.Bash.MiraiA.9FC52A0C (B), Heur, HEUR, LINUX/Agent.SH.B, Linux.DownLoader.664, Linux/Downloader.k, Linux/TrojanDownloader.SH.S, Malicious (score, Mal/ShellDl-A, malware (ai score=86), null, Shell/ElfDownloader.S1, SH/Mirai.A.gen!Camelot, TrojanDownloader, Trojan-Downloader.Linux.Sh, Trojan.Gen.NPE, Trojan.Script.Downloader.fjajjs, Trojan.Shell.Agent.a!c, Trojan.Shell.Downloader.39008, TrojWare.Script.TrojanDownloader.Agent.D@7qvmcx, Virus.Generic-Script.Save.ba1"
47b268c21591069bfe4099833ad66b8138a53ab2dcb866e040d466aee1f8624c,"Detected, E64/ABRisk.ZGIU-1, ELF, ELF/TrojanGen.A, HEUR, LINUX/AVI.Agent.nyayh, Linux.Generic.Threat, Mal/Generic-R, Malicious (score, malware (ai score=82), Malware.LINUX/AVI.Agent.nyayh, Miner, null, Trojan, Trojan.252279.Linux.1, Trojan.Gen.NPE, Trojan.Linux.dsm, Trojan.Linux.Generic, Trojan.Linux.Generic.355701, Trojan.Linux.Generic.355701 (B), Trojan.Linux.Generic.D56D75, Trojan.Linux.Miner.4!c, Trojan.Miner/Linux!8.13825 (CLOUD)"
48409bbbe5559ec2eae71fcfd8dcdb5ebe7472ef864eabdcdca427660287e0fc,"Backdoor.Mirai/Linux!8.13285 (CLOUD), ELF, Gen, HEUR, Linux.Backdoor.Mirai.Cnhl, Linux/Mirai.BZR, LINUX/Mirai.eppvs, Mal/Generic-S, Malicious (score, malware (ai score=85), null, PossibleThreat, RDN/Generic.dx, Suspicious.Linux.Save.a, Trojan, Trojan.Gen.NPE, Trojan.Linux.Generic.291953, Trojan.Linux.Generic.291953 (B), Trojan.Linux.Generic.D47471, Trojan/Linux.Mirai.bzr, Trojan.Linux.Mirai.K!c, Trojan.Linux.ZYX.USELVAC23"
4b177036ebce2b643e4f73dfdf3e7d9a1d0c7ce52670d5a9c0e70dda263922a1,"Backdoor, Backdoor.IRCbot/BASH!1.CC7E (CLASSIC), Backdoor/Shell.IRCbot.S1490, Backdoor.W32.Linux.Agent.bc, BASH/IRCBot.AU!tr, BV, HEUR, IRC.Backdoor.Trojan, Linux/Agent.a, Linux/Agent.SC, LINUX/CoinMiner.ABB, Linux.Siggen.2359, Malicious (score, Malware@#8wfrooaq1hkt, malware (ai score=81), Malware.Generic-Script.Save.ba18, Malware.LINUX/CoinMiner.ABB, null, Possible_IRCBOT.SMLBO, Script.shellBotnet.37854, SH/IRCBot-ANS, Trojan.Linux.Agent.m!c, Trojan.Linux.Ircbot, Trojan.Script.Agent.hddrdp, Trojan.Shell.Agent.U, Trojan.Shell.Agent.U (B), Unix/Ircbot.U, Unk.Win32.Script.404173"
4be3587fff7bd24fe254f2dee5c3501fd2824ec5dc7f3e4f7e1a6f1e130e8ad6,"ApplicUnwnt@#1dbu3uzyl6el2, Bat.CoinMiner.43201, BV, Detected, ELF/BruteForce.I!tr, GZ/Miner.A, Linux/Agent.m, Linux.Application.CoinMiner.AH (2x), Linux.BackDoor.Siggen.185, LINUX/Coinminer.ax, LINUX/CoinMiner.bbq, Linux/Miner-ADV, Malicious (score, malware (ai score=100), Malware.LINUX/CoinMiner.bbq, Malware/Script.Generic.SC179066, multiple detections, null, RiskTool.Linux.axm, Suspicious.Win32.Save.a, Trojan.Elf32.BtcMine.ghcuez, Trojan.GenericFCA.Agent.40388, Trojan.GenericFCA.Agent.40388 (B), Trojan.GenericFCA.Agent.D9DC4, Trojan.Gen.MBT, Trojan.KillAVAT/BASH!1.D7F4 (CLASSIC), Trojan.Linux.Coinminer, Trojan/Linux.Outlaw, Trojan.Shell.Agent.ba, Trojan.SH.SSHBRUTE.UWEJU, Trojan.ZIP.GenericFCA.4!c, Unix.Malware.Agent-7141082-0, Win32.Trojan.Agent.Kqil"
4e66c497cee23486c651d5036d468e2c2fb8c0ddba7416326a5cfe474a75095b,"Backdoor, Backdoor.IRCbot/BASH!1.CC7E (CLASSIC), Backdoor/Shell.IRCbot.S1490, Backdoor.W32.Linux.Agent.bc, BASH/IRCBot.AU!tr, BV, Detected, HEUR, IRC.Backdoor.Trojan, Linux/Agent.a, Linux/Agent.SC, LINUX/CoinMiner.ABB, Linux.Siggen.2359, Malicious (score, malware (ai score=86), Malware.Generic-Script.Save.ba18, Malware.LINUX/CoinMiner.ABB, null, Possible_IRCBOT.SMLBO, Script.shellBotnet.37854, SH/IRCBot-ANS, Trojan.Linux.Ircbot, Trojan.Script.Agent.hddrdp, Trojan.Shell.Agent.U, Trojan.Shell.Agent.U (B), Unix/Ircbot.U, Unk.Win32.Script.404173"
4f02cc4d5426b63e3eca3ada3c9a8a111a952c0e373c5500519ea8eea5ade853,"a variant of Linux/Xorddos.P, Detected, DoS, E32/XorDDOS.D, ELF, ELF.Trojan.Agent.42793.GC, ELF/Xorddos.D!tr, ELF_XORDDOS.SM, HEUR, Linux.DDoS.86, Linux/Ddosagent.562312, Linux/DDoS-BH, Linux.DDoS.DI, Linux.Trojan.Xorddos, Linux.Xorddos, Linux/XorDDos.c, Malicious (score, Malware@#2rj2dalivk9vd, malware (ai score=100), null, Suspicious.Linux.Save.a, TR/ELF.DDoS.Xor.a, Trojan, Trojan.DDoS, TrojanDDoS.Linux.ii, Trojan-Ddos.Linux.Xarcen.a, Trojan[DDoS]/Linux.Xarcen.d, Trojan.Linux.Generic.208033, Trojan.Linux.Generic.208033 (B), Trojan.Linux.Generic.D32CA1, Trojan.Linux.Xorddos.9!c, Trojan.TR/ELF.DDoS.Xor.a, Trojan.XorDDoS/Linux!1.A3E4 (CLASSIC), Trojan.Xorddos.Linux.73, Unix.Trojan.Xorddos-7650646-0"
5103976b5b3febfaf86acc69bafde59967181628b16847b0d40f67ec0068bf4c,"Backdoor, Backdoor.IRCbot/BASH!1.CC7E (CLASSIC), Backdoor/Shell.IRCbot.S1490, Backdoor.W32.Linux.Agent.bc, BASH/IRCBot.AU!tr, BV, Detected, HEUR, HTML.Z.Agent.4766.GCB, IRC.Backdoor.Trojan, Linux/Agent.a, LINUX/CoinMiner.ABB, Linux/IRCBot.AU, Linux.Siggen.2359, Malicious (score, malware (ai score=82), Malware.Generic-Script.Save.ba18, null, Possible_IRCBOT.SMLBO, Script.shellBotnet.37854, SH/IRCBot-ANS, Trojan.Linux.Agent.m!c, Trojan.Linux.Ircbot, Trojan.Script.Agent.hddrdp, Trojan.Shell.Agent.U, Trojan.Shell.Agent.U (B), Unix/Ircbot.U, Unk.Win32.Script.404173"
515ab9925bb608bbd0e5bdb9d0c45b8ac43a8f57da2cf988fbd7081b5033a74c,"Backdoor, Backdoor.IRCbot/BASH!1.CC7E (CLASSIC), Backdoor/Shell.IRCbot.S1490, Backdoor.W32.Linux.Agent.bc, BASH/IRCBot.AU!tr, BV, Detected, HEUR, IRC.Backdoor.Trojan, Linux/Agent.a, Linux/Agent.SC, LINUX/CoinMiner.ABB, Linux.Siggen.2359, Malicious (score, malware (ai score=86), Malware.Generic-Script.Save.ba18, Malware.LINUX/CoinMiner.ABB, null, Possible_IRCBOT.SMLBO, Script.shellBotnet.37854, SH/IRCBot-ANS, Trojan.Linux.Agent.m!c, Trojan.Linux.Ircbot, Trojan.Script.Agent.hddrdp, Trojan.Shell.Agent.U, Trojan.Shell.Agent.U (B), Unk.Win32.Script.404173"
519d5ea382ac0ba95b5b7735faa1eb50a561a349050e0002e149cc7ff8836378,"Backdoor, Backdoor.IRCBot/BASH!1.CC7E (CLASSIC), Backdoor/Shell.IRCbot.S1490, BASH/IRCBot.AU!tr, BV, HEUR, IRC.Backdoor.Trojan, Linux/Agent.a, LINUX/CoinMiner.ABB, Linux/IRCBot.AU, Linux.Siggen.2359, Malicious (score, malware (ai score=85), Malware.Generic-Script.Save.ba18, Malware.LINUX/CoinMiner.ABB, null, Possible_IRCBOT.SMLBO, Script.shellBotnet.37854, Trojan.Linux.Ircbot, Trojan.Script.Agent.hddrdp, Trojan.Shell.Agent.U, Trojan.Shell.Agent.U (B), Unix/Ircbot.U, Unk.Win32.Script.404173"
52d0c6f738ad1186407dc9c1ec588fcb65a4295473b660b355dbe96c24585bdb,"Backdoor, Backdoor.IRCbot/BASH!1.CC7E (CLASSIC), Backdoor/Shell.IRCbot.S1490, Backdoor.W32.Linux.Agent.bc, BASH/IRCBot.AU!tr, BV, Detected, HEUR, IRC.Backdoor.Trojan, Linux/Agent.a, Linux/Agent.SC, Linux.Backdoor.Agent.bc, LINUX/CoinMiner.ABB, Linux.Siggen.2359, Malicious (score, malware (ai score=87), Malware.Generic-Script.Save.ba18, Malware.LINUX/CoinMiner.ABB, null, Possible_IRCBOT.SMLBO, Script.shellBotnet.37854, SH/IRCBot-ANS, Trojan.Linux.Ircbot, Trojan.Script.Agent.hddrdp, Trojan.Script.IRCbot.m!c, Trojan.Shell.Agent.U, Trojan.Shell.Agent.U (B), Unix/Ircbot.U, Unk.Win32.Script.404173"
5490b3a2bb9fba5977d339f39396cdfe0e0cef66c10e11826c43169d6edc7a40,"CoinMiner/Linux.Agent.30304472, Detected, E64/ABRisk.YILV-6, ELF, EXP/ELF.Coinminer.A, Exploit, Exploit.EXP/ELF.Coinminer.A, HackTool.NBMiner/Linux!1.E357 (CLASSIC), Linux.BtcMine.683, Linux/CoinMiner.ABF, Linux.Generic.Threat, Mal/Generic-S, Malicious (score, malware (ai score=84), null, Static AI - Malicious ELF, Trojan.252279.Linux.1, Trojan.Gen.NPE, Trojan.Linux.Coinminer, Trojan.Linux.Generic.D532E, Trojan.Linux.GenericKD.21294, Trojan.Linux.GenericKD.21294 (B), Trojan.Linux.Linux.4!c, Unix.Trojan.Miner-9993889-0"
562c6463404c02960d35c591b45444721c07a98b46dac09b32d75f2b3567abb3,"null"
58106a5d80f3f58f2d606c39954e1c31fada923d03b21e9135f5854754cc0f10,"a variant of Linux/Agent.GF, BASH/Agent.B91E!tr, ELF, GenericRXIK-UY!B70F8C4AE0BA, HEUR, LINUX/Agent.oiyco, Linux/Backdoor.6ca, Linux.BtcMine.271, Mal/Generic-S, Malicious (score, Malware@#19dpq7gzmu4s3, malware (ai score=80), Malware.LINUX/Agent.oiyco, null, Trojan, Trojan.Gen.MBT, Trojan.Linux.Agent, Trojan.Linux/Agent!1.C406 (CLASSIC), Trojan.Linux.Generic.162890, Trojan.Linux.Generic.162890 (B), Trojan.Linux.Generic.D27C4A, Trojan.Linux.Ssh.m!c, Win.Trojan.Agent-7658186-0"
5c4eacd8c779ca17003d22a368ab74e5aed98bc5efead9cfec48ce142a4eeff2,"null"
5ce92942d34bc35cbe3fb8759b810481b11ff43b070b6e67c124d88a83c93176,"Backdoor, Backdoor.IRCbot/BASH!1.CC7E (CLASSIC), Backdoor/Shell.IRCbot.S1490, Backdoor.W32.Linux.Agent.bc, BASH/IRCBot.AU!tr, BV, Detected, HEUR, IRC.Backdoor.Trojan, Linux/Agent.a, Linux/Agent.SC, LINUX/CoinMiner.ABB, Linux.Siggen.2359, Malicious (score, malware (ai score=82), Malware.Generic-Script.Save.ba18, Malware.LINUX/CoinMiner.ABB, null, Possible_IRCBOT.SMLBO, Script.shellBotnet.37854, SH/IRCBot-ANS, Trojan.Linux.Ircbot, Trojan.Script.Agent.hddrdp, Trojan.Shell.Agent.U, Trojan.Shell.Agent.U (B), Trojan.UKP.Agent.4!c, Unix/Ircbot.U, Unk.Win32.Script.404173"
5e9747bbc50448329ec19615861b53c11398ccd171c4c7e5c227e0c1d73fb219,"Adware/Miner, CoinMiner/Linux.Agent.30304472, Detected, E64/ABRisk.IMSD-5, ELF, EXP/ELF.Coinminer.A, Exploit.EXP/ELF.Coinminer.A, HackTool.NBMiner/Linux!1.E357 (CLASSIC), HEUR, Linux.BtcMine.683, Linux/CoinMiner.ABF, Linux.Generic.Threat, Linux.Trojan.Miner.Jajl, Mal/Generic-S, Malicious (score, malware (ai score=100), Miner, null, Static AI - Malicious ELF, Trojan, Trojan.252279.Linux.1, Trojan.Gen.NPE, Trojan.Linux.dsm, Trojan.Linux.Generic, Trojan.Linux.Generic.355701, Trojan.Linux.Generic.355701 (B), Trojan.Linux.Generic.D56D75, Trojan.Linux.Miner.4!c, TROJ_GEN.R002C0DDU24, Unix.Trojan.Miner-9993889-0"
5ef37c1e7f51bedfe1ba9e4d8db16a14c541929029f344a023b72d52a0febd22,"null"
5f496fdeecef8e3d8c5b2ab39087b58bd79bf8b4b5e1234b33eac8c6ca356674,"Backdoor, Backdoor.IRCbot/BASH!1.CC7E (CLASSIC), Backdoor/Shell.IRCbot.S1490, Backdoor.W32.Linux.Agent.bc, BASH/IRCBot.AU!tr, BV, Detected, HEUR, IRC.Backdoor.Trojan, Linux/Agent.a, Linux/Agent.SC, LINUX/CoinMiner.ABB, Linux.Siggen.2359, Malicious (score, malware (ai score=82), Malware.Generic-Script.Save.ba18, Malware.LINUX/CoinMiner.ABB, null, Possible_IRCBOT.SMLBO, Script.shellBotnet.37854, SH/IRCBot-ANS, Trojan.Linux.Agent.m!c, Trojan.Linux.Ircbot, Trojan.Script.Agent.hddrdp, Trojan.Shell.Agent.U, Trojan.Shell.Agent.U (B), Unix/Ircbot.U, Unk.Win32.Script.404173"
5ffdf7536899526ec78197a286399f011f4723f814412d097aa65d76072f1b65,"ABRisk.UNDJ-3, BASH/Agent.DT!tr, BV, Detected, Linux/Agent.ABW, malware (ai score=82), Miner, null, Trojan, Trojan.Generic.D45936D0, Trojan.GenericKD.72955600, Trojan.GenericKD.72955600 (B), Trojan.Gen.NPE, Trojan.Linux.Coinminer, Trojan.Script.Miner.4!c, Trojan.Shell.Miner.as, W32.Common.B424F14F, Win32.Troj.Undef.a"
630295e5239d386f338f08e112049bef866ae81ee9bb45548bf9ad6bd14802c1,"ABMiner.NTTY-11, Artemis, BASH/Agent.DT!tr, BV, Detected, Linux/Agent.ABW, malware (ai score=82), null, Trojan, Trojan.Generic.D4581349, Trojan.GenericKD.72880969, Trojan.GenericKD.72880969 (B), Trojan.Gen.NPE, Trojan.Linux.Coinminer, Trojan.Script.Miner.4!c, Trojan.Shell.Miner.as, Win32.Trojan.Miner.Pgil, Win32.Troj.Undef.a"
645b0f688fead7d9413f8c141fc1fc29113f0209c42284f2e8574e7ac7f41d4c,"Backdoor, Backdoor.IRCbot/BASH!1.CC7E (CLASSIC), Backdoor/Shell.IRCbot.S1490, Backdoor.W32.Linux.Agent.bc, BASH/IRCBot.AU!tr, BV, Detected, HEUR, IRC.Backdoor.Trojan, Linux/Agent.a, Linux/Agent.SC, LINUX/CoinMiner.ABB, Linux.Siggen.2359, Malicious (score, malware (ai score=88), Malware.Generic-Script.Save.ba18, Malware.LINUX/CoinMiner.ABB, null, Possible_IRCBOT.SMLBO, Script.shellBotnet.37854, SH/IRCBot-ANS, Trojan.Linux.Ircbot, Trojan.Script.Agent.hddrdp, Trojan.Shell.Agent.U, Trojan.Shell.Agent.U (B), Trojan.UKP.IRCbot.m!c, Unix/Ircbot.U, Unk.Win32.Script.404173"
64a436f5747650141960ecf81f223ae1f503d0fd444cc687056c4131853b81c1,"BV, Detected, Downloader/Shell.Generic.S2074, HEUR, LINUX/Dldr.Agent.gav, LINUX.Trojan-Downloader.Agent, Linux/TrojanDownloader.SH.ASX, Malicious (score, malware (ai score=89), null, Possible_BASHDLOD.SMLBAT3, Trojan[Downloader]/Shell.Agent, Trojan.Gen.NPE, Trojan.Linux.Generic.244919, Trojan.Linux.Generic.244919 (B), Trojan.Linux.Generic.D3BCB7, Trojan.Shell.Agent.a!c, Win32.Trojan-Downloader.Agent.Qgil"
6788d005a6caf94eb38038e503f72299674d935d60c98539219679b61a563bcf,"Adware/Miner, Artemis!Trojan, a variant of Linux/CoinMiner.AV potentially unwanted, CoinMiner.Linux.Agent.V0l1, Detected, E64/ABRisk.YFUK-1, Generic Reputation PUA (PUA), LINUX/AVF.Miner.rxdad, Linux.Risktool.Bitcoinminer.Tgil, Malicious (score, malware (ai score=99), Malware.LINUX/AVF.Miner.rxdad, Miner, not-a-virus, null, Other, PUF.CoinMiner/Linux!8.15288 (CLOUD), RiskTool.Linux.dwg, Riskware.Linux.BitCoinMiner.1!c, Tool, Tool.Linux.BtcMine.9999, Trojan.Gen.NPE, Trojan.Linux.Generic.D6062, Trojan.Linux.GenericKD.24674, Trojan.Linux.GenericKD.24674 (B), TROJ_GEN.R002C0XF624"
6afd92ef08cc860572d7c3443c9ed6ffbd660c0efd75dd262d51534237b7a98c,"Backdoor, Backdoor.IRCbot/BASH!1.CC7E (CLASSIC), Backdoor/Shell.IRCbot.S1490, BASH/IRCBot.AU!tr, BV, HEUR, IRC.Backdoor.Trojan, Linux/Agent.a, LINUX/CoinMiner.ABB, Linux/IRCBot.AU, Linux.Siggen.2359, Malicious (score, malware (ai score=88), Malware.Generic-Script.Save.ba18, null, Possible_IRCBOT.SMLBO, Script.shellBotnet.37854, Trojan.Linux.Ircbot, Trojan.Script.Agent.hddrdp, Trojan.Shell.Agent.U, Trojan.Shell.Agent.U (B), Unix/Ircbot.U, Unk.Win32.Script.404173"
6b5afe506c5b4db4094797166a92021271a623af48f1d476185858264909d8c7,"CoinMiner/Linux.Agent.30304472, E64/ABRisk.MADV-8, ELF, EXP/ELF.Coinminer.Gen.A, Exploit.EXP/ELF.Coinminer.Gen.A, HackTool.NBMiner/Linux!1.E357 (CLOUD), Linux.BtcMine.683, Linux/CoinMiner.ABF, Linux/Miner.ABF!tr, Mal/Generic-S, Malicious (score, malware (ai score=80), null, Static AI - Malicious ELF, Trojan, Trojan.252279.Linux.1, Trojan.Gen.NPE, Trojan.Linux.Coinminer, Trojan.Linux.Generic.4!c, Trojan.Linux.Generic.D1F0D, Trojan.Linux.GenericKD.7949, Trojan.Linux.GenericKD.7949 (B), Trojan.Linux.MALXMR.USELVHI23, Unix.Trojan.Miner-9993889-0"
6c4d9d2f020c76a1ed875e1a9500e211b2d42454f395df152ddc12f116d7e642,"Artemis, BV, Detected, HEUR, Linux/TrojanDownloader.Agent.JF, Linux.Trojan-Downloader.Oader.Dkjl, malware (ai score=85), null, Trojan, Trojan[downloader], Trojan.Gen.NPE, Trojan.Linux.Coinminer, Trojan.Linux.Generic.341002, Trojan.Linux.Generic.341002 (B), Trojan.Linux.Generic.D5340A, Trojan.Script.Agent.4!c"
6d1fe6ab3cd04ca5d1ab790339ee2b6577553bc042af3b7587ece0c195267c9b,"Backdoor, Backdoor.IRCbot/BASH!1.CC7E (CLASSIC), Backdoor/Shell.IRCbot.S1490, BV, Detected, HEUR, IRC.Backdoor.Trojan, Linux/Agent.a, Linux/Agent.SC, LINUX/CoinMiner.ABB, Linux.MulDrop.16, Linux.MulDrop.Q, Linux/Shell-AV, Malicious (score, malware (ai score=89), Malware.Generic-Script.Save.ba18, Malware.LINUX/CoinMiner.ABB, null, Script.shellBotnet.37854, Shell.S.Agent.4745, Trojan.Linux.Agent, Trojan.Script.Agent.OO, Trojan.Script.Agent.OO (B), Trojan.Script.IRCBot.evsmuj, Trojan.Script.IRCbot.m!c, TROJ_FRS.0NA103EI20, Unix/Ircbot.U, Unk.Win32.Script.404173, W32.Common.07C880C9"
6f922abf3efc96d286a432e6bfdef73a44a6f4257bc9f36f460a57959180e49a,"Adware/Miner, Application.Linux.Generic.23456, Application.Linux.Generic.23456 (B), Application.Linux.Generic.D5BA0, Artemis!Trojan, a variant of Linux/CoinMiner.CP potentially unwanted, CoinMiner.Linux.Agent.Vr27, Detected, E32/ABRisk.VNZI-9, ELF/TrojanGen.A, Generic Reputation PUA (PUA), Linux.Risktool.Bitcoinminer.Gkjl, Linux.Siggen.7529, Linux.Troj.Generic.v, Malicious (score, malware (ai score=99), Miner, not-a-virus, null, Other, PotentialRisk.PUA/AVI.CoinMiner.cgnuo, PUA/AVI.CoinMiner.cgnuo, PUA.CoinMiner/Linux!8.15288 (CLOUD), RiskTool.Linux.dym, Riskware.ElfArm32.CoinMiner.knpzvi, Riskware.Linux.BitCoinMiner.1!c, Trojan, Trojan.Gen.NPE, TROJ_GEN.R002C0DF524"
704dd53ce0ede42a6f11ddd2ec9d2f0333722f58227e6740197f27d17cdfaeac,"Backdoor, Backdoor.IRCbot/BASH!1.CC7E (CLASSIC), Backdoor/Shell.IRCbot.S1490, BASH/IRCBot.AU!tr, BV, Detected, HEUR, IRC.Backdoor.Trojan, Linux/Agent.a, Linux/Agent.SC, LINUX/CoinMiner.ABB, Linux.Siggen.2359, Malicious (score, malware (ai score=80), Malware.Generic-Script.Save.ba18, Malware.LINUX/CoinMiner.ABB, null, Possible_IRCBOT.SMLBO, Script.shellBotnet.37854, SH/IRCBot-ANS, Trojan.Linux.Ircbot, Trojan.Script.Agent.hddrdp, Trojan.Shell.Agent.U, Trojan.Shell.Agent.U (B), Unix/Ircbot.U, Unk.Win32.Script.404173"
720b3d089679f26e02c2f9bf05a466e768557b91627e840a2cd26eb480dc8418,"Adware/Miner, Application.Linux.Generic.23718, Application.Linux.Generic.23718 (B), Application.Linux.Generic.D5CA6, a variant of Linux/CoinMiner.CP potentially unwanted, CoinMiner.Linux.Agent.Vvdh, Detected, E64/ABRisk.AAMJ-5, Generic Reputation PUA (PUA), HackTool.XMRMiner!1.FD0F (CLASSIC), Linux.Risktool.Bitcoinminer.Kqil, Linux.Siggen.7634, Linux.Troj.CoinMiner.v, Malicious (score, malware (ai score=97), Miner, not-a-virus, null, Other, PotentialRisk.PUA/AVF.pup.gfdbt, PUA/AVF.pup.gfdbt, Riskware.Linux.BitCoinMiner.1!c, RiskWare[RiskTool]/Linux.BitCoinMiner, Trojan, Trojan.Gen.NPE, TROJ_GEN.R002C0DFI24"
7215f53b3defdafc3df86191bcb8d1824a5231c0e58d9e2efc899f482b36a51d,"Backdoor, Backdoor.IRCbot/BASH!1.CC7E (CLASSIC), Backdoor/Shell.IRCbot.S1490, Backdoor.W32.Linux.Agent.bc, BASH/IRCBot.AU!tr, BV, HEUR, HTML.Z.Agent.4766.FNO, IRC.Backdoor.Trojan, Linux/Agent.a, LINUX/CoinMiner.ABB, Linux/IRCBot.AU, Linux.Siggen.2359, Malicious (score, malware (ai score=86), Malware.Generic-Script.Save.ba18, null, Possible_IRCBOT.SMLBO, Script.shellBotnet.37854, SH/IRCBot-ANS, Trojan.Linux.Ircbot, Trojan.Script.Agent.hddrdp, Trojan.Shell.Agent.U, Trojan.Shell.Agent.U (B), Unix/Ircbot.U, Unk.Win32.Script.404173"
746a154e5586816d0c3c63a84a7974135135b0b6b54f452018a20ad43fe11835,"Backdoor.Mirai/Linux!8.13285 (TFE, Detected, E32/ABRisk.YNJS-2, ELF, Gen, GenericRXVY-CT!6499C08F0845, HEUR, Linux/Mirai.CCE, LINUX/Mirai.qouqa, Linux.Siggen.9999, Mal/Generic-S, Malicious (score, malware (ai score=88), Malware/Linux.Agent, Malware.LINUX/Mirai.qouqa, null, PossibleThreat, Spyware ( 0040f03a1 ), Suspicious.Linux.Save.a, Trojan, Trojan[Backdoor]/Linux.Mirai.fk, Trojan.Generic.33590140, Trojan.Generic.D2008B7C, Trojan.Gen.NPE, Trojan.Linux.Mirai, Trojan.Linux.Mirai.K!c, Trojan.Mirai.jwcptw"
771229b5b05e22d4f43e728b38c1e6f08fe7157e3c6dcade0e9af065f710f22d,"a variant of Linux/Mirai.L, Backdoor.Linux.MIRAI.USELVA623, Detected, E64/Mirai.A.gen!Camelot, ELF, ELF/Mirai.ASX!tr, ELF.Trojan.47430.GC, Gen, HEUR, Linux.Backdoor.Mirai.Pqil, Linux/Mirai.k, LINUX/Mirai.tiyti, Linux.Siggen.9999, Linux.Trojan.Gafgyt, Malicious (score, malware (ai score=88), Malware.U.Mirai.bot, null, Static AI - Malicious ELF, Suspicious.Linux.Save.a, Trojan, Trojan.Generic.32896827, Trojan.Generic.32896827 (B), Trojan.Generic.D1F5F73B, Trojan.Gen.NPE, Trojan.Linux.Mirai, Trojan.Linux.Mirai.K!c, Trojan/Linux.Mirai.l, Unix.Trojan.Mirai-9955102-0"
77a2c317ca9d43acc056cf8217a8c838d23af63965b33dc931877360d5919b8d,"Backdoor.Linux.etbl, Backdoor.Linux.Mirai.Vfnl, Backdoor.Mirai/Linux!8.13285 (CLOUD), Detected, ELF, ELF.Trojan.47707.GC, Gen, HEUR, Linux.Backdoor.Mirai.Pqil, Linux.Mirai.4513, Linux/Mirai.CCE, LINUX/Mirai.iyfqh, Malicious (score, malware (ai score=89), Malware.LINUX/Mirai.iyfqh, null, PossibleThreat, RDN/Generic BackDoor, Trojan, Trojan[Backdoor]/Linux.Mirai.fk, Trojan.Gen.NPE, Trojan.Linux.Gafgyt, Trojan.Linux.Generic.299457, Trojan.Linux.Generic.299457 (B), Trojan.Linux.Generic.D491C1, Trojan.Linux.Mirai.K!c, TROJ_GEN.R002C0PE123"
7aa6518ffe1f152fe800886311d208b4387a069b5b06f82a3c1c7cd6167e90be,"BV, Detected, HEUR, Linux/CoinMiner.AAD, malware (ai score=88), null, Trojan.Generic.D3DF73F5, Trojan.GenericKD.64975861, Trojan.Generic-Script.Save.ba564, Trojan.Linux.Coinminer"
7aae334219ed0d7af2eaff729050ae2fc1bdf2c286fdc8a00be39c8f4907ff19,"BV, Downloader.Agent/BASH!8.13146 (TOPIS, Downloader/Script.Agent.SC189722, HTML/ExpKit.Gen2, HTML.ExploitKit, Linux.DownLoader.1823, Malicious (score, Malware.HTML/ExpKit.Gen2, null, Trojan.Downloader.Shell.Agent, Trojan[Downloader]/Shell.Agent, Trojan-Downloader.Shell.Agent.cq, Trojan.Gen.NPE, Trojan.Script.Agent.4!c"
7c4d16ae0e92dfc65fde6e700929fefaaf4a42f0e4c6cf6996d317940d3859c1,"DDoS, Detected, E64/ABRisk.YHIZ-5, ELF, ELF/TrojanGen.A, HEUR, Linux.Generic.Threat, Mal/Generic-S, malware (ai score=99), null, PossibleThreat, RDN/Generic.dx, Trojan, Trojan.252279.Linux.1, Trojan.Gen.NPE, Trojan.Linux.dsm, Trojan.Linux.Generic, Trojan.Linux.Generic.355701, Trojan.Linux.Generic.355701 (B), Trojan.Linux.Generic.D56D75, Trojan/Linux.Multiverze, Trojan.Linux.Multiverze.4!c, Trojan.Linux.MULTIVERZE.USBLE924, Trojan.Miner/Linux!8.13825 (CLOUD)"
7f6e0fa785820075a61819ca6b272a239733b770eb8a92a4056cf5d26d89795f,"Application.Generic.3372299, Application.Generic.3372299 (B), Application.Generic.D33750B, BV, CoinMiner/BAT.Xmrig, Detected, HEUR, Linux/CoinMiner.AAD, LINUX/CoinMiner.bor, Linux/Dldr-UW, Linux/RapperBot.FGLTA!tr.dldr, Malicious (score, malware (ai score=70), Malware.LINUX/CoinMiner.bor, null, Trojan.Downloader.Shell.Agent, Trojan.Gen.NPE, Trojan.Linux.Coinminer, Trojan.Script.Shell.a!c, Win32.Trojan-Downloader.Agent.Cujl"
7fdeaaafa04c53e557aaababd0e45f8e686d8deb5303284ee2b85377c3385fd0,"HEUR, malware (ai score=88), null, Riskware.Script.BitMiner.1!c, Script.Trojan.46449, Trojan.Agent.FXDT, Trojan.Agent.FXDT (B), Trojan/JS.CoinMiner.xmr2"
818675ba09b4883e57790aff9a79669275dfe088d02dc5f5cf459b16375d17db,"a variant of Linux/Mirai.TO, Backdoor.Linux.Mirai, Backdoor.Mirai/Linux!8.13285 (TFE, DDOS, Detected, E64/Mirai.A.gen!Camelot, ELF, elf.Mirai.2002000, ELF/TrojanGen.A, Gen, HEUR, Linux.Backdoor.Mirai.Fajl, Linux.Mirai!g2, Linux/Mirai.k, LINUX/Mirai.pngdz, Linux.Siggen.9999, Linux.Trojan.Gafgyt, Mal/Generic-S, Malicious (score, malware (ai score=100), Malware.LINUX/Mirai.pngdz, null, Suspicious.Linux.Save.a, Susp.U.XOREncoded.sd!yf, Trojan, Trojan ( 0040f8121 ), Trojan.Elf64.Mirai.jwmmvm, Trojan.Generic.33802221, Trojan.Generic.33802221 (B), Trojan.Generic.D203C7ED, Trojan.Linux.Mirai, Trojan.Linux.Mirai.K!c, Trojan/Linux.Mirai.SE310, Trojan/Linux.Mirai.to, TROJ_GEN.R002C0PEA24, Unix.Trojan.Mirai-9955102-0"
82ef14bcac9e0cb91a7e13eaaef78607f9b1d15e487da1b919d67142d3b89938,"HEUR, LINUX/Dldr.Agent.haw, Malware@#11267kzk7r0dz, Malware.LINUX/Dldr.Agent.haw, null, Script.Trojan.46449, Trojan/JS.CoinMiner.xmr2, Win32.Trojan-Downloader.Agent.Gajl"
83a763390b3ead9b8e88b49f1297d5b609471ecd9bdb155f05eb8043d207e52b,"null"
86d452cfb1b8a0aba566f06ef029b1e70c234454292555ea4572eb188cd794f8,"null"
88dc89bf303026c3ea273d879148e308a503cb211538f4cc47b667cf9f43bebb,"Adware/Miner, Application.Linux.Generic.23585, Application.Linux.Generic.23585 (B), Application.Linux.Generic.D5C21, a variant of Linux/CoinMiner.CP potentially unwanted, CoinMiner.Linux.Agent.V3n2, Detected, E64/ABRisk.MLIC-0, Generic Reputation PUA (PUA), HackTool.XMRMiner!1.FD0F (CLASSIC), Linux.Risktool.Bitcoinminer.Majl, Linux.Siggen.7595, Linux.Troj.CoinMiner.v, Malicious (score, malware (ai score=98), Miner, not-a-virus, null, Other, PotentialRisk.PUA/AVF.pup.vvhkw, PUA/AVF.pup.vvhkw, Riskware.ElfArm64.CoinMiner.kohbeh, Riskware.Linux.BitCoinMiner.1!c, RiskWare[RiskTool]/Linux.BitCoinMiner, Trojan, Trojan.Gen.NPE, TROJ_GEN.R002C0DF824"
8a68d1c08ea31250063f70b1ccb5051db1f7ab6e17d46e9dd3cc292b9849878b,"null"
8bc481e316f5e736f8d4e4cb289f52827f7bd78fa0f3cb3a8bb5aec212c3cf69,"Backdoor, Backdoor.IRCbot/BASH!1.CC7E (CLASSIC), Backdoor/Shell.IRCbot.S1490, BASH/IRCBot.AU!tr, BV, Detected, HEUR, IRC.Backdoor.Trojan, Linux/Agent.a, Linux/Agent.SC, LINUX/CoinMiner.ABB, Linux.Siggen.2359, Malicious (score, malware (ai score=80), Malware.Generic-Script.Save.ba18, Malware.LINUX/CoinMiner.ABB, null, Possible_IRCBOT.SMLBO, Script.shellBotnet.37854, SH/IRCBot-ANS, Trojan.Linux.Ircbot, Trojan.Script.Agent.hddrdp, Trojan.Shell.Agent.U, Trojan.Shell.Agent.U (B), Unix/Ircbot.U, Unk.Win32.Script.404173"
8bd50b7fbc8d0b81c79941318d7517bdf327972e0b5025acae1c9d215a107f9a,"Artemis!Trojan, Detected, Downloader.Linux.Mirai.Vs6r, Downloader.Mirai/Linux!8.13556 (CLOUD), ELF, ELF/Mirai.D!tr, Gen, HEUR, LINUX/Dldr.Mirai.wbndv, Linux.DownLoader.523, Linux.Trojan.Agent.TWYPUF, Malicious (score, malware (ai score=88), Malware.LINUX/Dldr.Mirai.wbndv, null, Possible_MIRAIDLOD.SMLBAT5, Trojan, TrojanDownloader.Linux.aly, Trojan.Generic.33808509, Trojan.Generic.33808509 (B), Trojan.Gen.NPE, Trojan/Linux.Mirai.d, Trojan.Linux.Mirai.K!c, Unix.Downloader.Mirai-9789591-0"
8e8ae289ebc4415f3e7f4ae2bf45ae9c66c3029b08fe5ccdc35fbd910cfe93e0,"a variant of Linux/Agent.GF, Backdoor.SSh!8.4580 (TFE, ELF, ELF/BruteForce.I!tr, GenericRXIK-SD!7F2F76470C90, GenericRXIK-UY!4C2388FACF00, HEUR, LINUX/Agent.mxfdv, Linux.Application.CoinMiner.AH, Linux.BtcMine.271, malware (ai score=88), Malware.LINUX/Agent.mxfdv, null, Trojan, Trojan.Linux.Generic.151688, Trojan.Linux.Generic.155029, Trojan.Linux.Ssh.m!c, Unix.Malware.Agent-7443628-0"
8fc5d13238daba3a4986d674ad885f81850c67000c7f4f57df707f5d810ad241,"Adware/Miner, Application.Linux.Generic.23588, Application.Linux.Generic.23588 (B), Application.Linux.Generic.D5C24, Artemis!Trojan, a variant of Linux/CoinMiner.CP potentially unwanted, CoinMiner.Linux.Agent.Vy43, Detected, E32/ABApplication.MKW, Generic Reputation PUA (PUA), GrayWare/Linux.CoinMiner.cp, LINUX/AVF.Miner.mewnn, Linux.Risktool.Bitcoinminer.Ydkl, Linux.Siggen.7586, Linux.Troj.CoinMiner.v, Malicious (score, malware (ai score=64), Malware.LINUX/AVF.Miner.mewnn, Miner, not-a-virus, null, Other, PUA.CoinMiner/Linux!8.15288 (C64, RiskTool.Linux.dro, Riskware.Elf32.AVF.kogdia, Riskware.Linux.BitCoinMiner.1!c, Trojan.Gen.NPE, TROJ_GEN.R002C0DF824"
8ff593dee718d7596b3d81d02cabe25423fd2eeb056203e3ab4eb7502ce6aea2,"BV, Generic.Bash.MiraiA.B042ABB0, Generic.Bash.MiraiA.B042ABB0 (B), HEUR, Linux.DownLoader.37, Linux/Downloader.p, malware (ai score=82), null, Possible_BASHDLOD.SMLBAT2, Trojan, Trojan.Generic-Script.Save.ba695, Trojan.Gen.NPE"
91e26024b7a6372890bf2a0e8005e899c188a30554df6464d373236ca27f229f,"Backdoor, Backdoor.IRCbot/BASH!1.CC7E (CLASSIC), Backdoor/Shell.IRCbot.S1490, Backdoor.W32.Linux.Agent.bc, BASH/IRCBot.AU!tr, BV, HEUR, IRC.Backdoor.Trojan, Linux/Agent.a, LINUX/CoinMiner.ABB, Linux/IRCBot.AU, Linux.Siggen.2359, Malicious (score, Malware@#1dolezs1ohqw6, malware (ai score=86), Malware.Generic-Script.Save.ba18, null, Possible_IRCBOT.SMLBO, Script.shellBotnet.37854, SH/IRCBot-ANS, Trojan.Linux.Agent.m!c, Trojan.Linux.Ircbot, Trojan.Script.Agent.hddrdp, Trojan.Shell.Agent.U, Trojan.Shell.Agent.U (B), Unix/Ircbot.U, Unk.Win32.Script.404173"
92d1ce7b5845454132cf413e749a7fc0c573d36641429812f99344fd7b850e15,"Backdoor, Backdoor.IRCbot/BASH!1.CC7E (CLASSIC), Backdoor/Shell.IRCbot.S1490, Backdoor.W32.Linux.Agent.bc, BASH/IRCBot.AU!tr, BV, Detected, HEUR, IRC.Backdoor.Trojan, Linux/Agent.a, Linux/Agent.SC, LINUX/CoinMiner.ABB, Linux.Siggen.2359, Malicious (score, malware (ai score=85), Malware.Generic-Script.Save.ba18, Malware.LINUX/CoinMiner.ABB, null, Possible_IRCBOT.SMLBO, Script.shellBotnet.37854, SH/IRCBot-ANS, Trojan.Linux.Agent.m!c, Trojan.Linux.Ircbot, Trojan/Linux.IRCBot, Trojan.Script.Agent.hddrdp, Trojan.Shell.Agent.U, Trojan.Shell.Agent.U (B), Unix/Ircbot.U, Unk.Win32.Script.404173"
942641e3997f98bd38ad91561f50910b071a9c495fdff745996cd6c0c2212c18,"null"
94f2e4d8d4436874785cd14e6e6d403507b8750852f7f2040352069a75da4c00,"CoinMiner/Linux.Agent.30304472, CoinMiner.Linux.Agent.V5o1, Detected, E64/Coinminer.FK, ELF, EXP/ELF.Coinminer.A, Exploit.EXP/ELF.Coinminer.A, GenericRXSS-OO!0FA41DE75420, HackTool.NBMiner/Linux!1.E357 (CLASSIC), HEUR, Linux.BtcMine.683, Linux/CoinMiner.ABF, Linux.Generic.Threat, Linux/Miner-AGY, Linux.Trojan.Agent.gen, Linux.Trojan.Coinminer.Ekjl, Malicious (score, malware (ai score=100), Miner, null, Trojan, Trojan ( 0040f6261 ), Trojan.252279.Linux.1, Trojan Horse, Trojan.Linux.dsm, Trojan.Linux.Generic, Trojan.Linux.Generic.355701, Trojan.Linux.Generic.355701 (B), Trojan.Linux.Generic.D56D75, Trojan.Linux.Miner.4!c, TROJ_GEN.R002C0PJF23, Unix.Trojan.Miner-9993889-0"
958f1f6f76e574240c8dda300989e6d166e61b3d1a5547f9fe454d5794021edf,"null"
9836a6944beb66aa5b6465e9aeeb9a5567e4d253395527b24e2a1aadc1037384,"a variant of Linux/Agent.GF, ELF, ELF/BruteForce.I!tr, GenericRXIK-UY!5AE1BB025000, LINUX/Agent.etkyc, Linux.BtcMine.271, Linux.Trojan.Agent.EWN4KM, Malware.LINUX/Agent.etkyc, null, Trojan, Trojan.Linux/BruteForce!1.BB48 (CLASSIC), Trojan.Linux.Linux.4!c, Unix.Malware.Agent-7141082-0"
9868c8dd58aa2b0e777c3ac76cb855d3123325446bf8559c4578036e6199aa2a,"Backdoor.Linux.Mirai.Vsqd, Backdoor.Mirai/Linux!8.13285 (CLOUD), Detected, ELF, Elf.Trojan.A7787160, Gen, GenericRXVY-CT!B7A37233C060, HEUR, Linux.Backdoor.Mirai.Ikjl, Linux/Mirai.CCE, LINUX/Mirai.rkxlu, Mal/Generic-S, Malicious (score, malware (ai score=84), Malware.LINUX/Mirai.rkxlu, null, PossibleThreat, Trojan, Trojan[Backdoor]/Linux.Mirai.fk, Trojan-Downloader.Linux.Agent, Trojan.Generic.33673843, Trojan.Generic.33673843 (B), Trojan.Generic.D201D273, Trojan.Gen.NPE, Trojan.Linux.Mirai.K!c, TROJ_GEN.R002C0PEG23"
9a45029b646e2d20015695b5541f5fb76eace740bf329dc05af8ea53bd89619c,"null"
9a708dc99d3bee85f513f1aa9b6e90d4eb2575dbfece25880ee18657539ac22c,"Artemis, BASH/Agent.DT!tr, BV, Detected, HEUR, malware (ai score=81), null, Trojan, Trojan.Generic.D456B0EE, Trojan.GenericKD.72790254, Trojan.GenericKD.72790254 (B), Trojan.Linux.Coinminer"
9bfae8b4936a3a8a5b621411d39e2c9546e0f38b070373e35a8ebe3258db200e,"a variant of Linux/Mirai.ATO, Backdoor.Linux.Mirai.b, Backdoor.Linux.Mirai.wan, Backdoor.Mirai/Linux!1.DCB1 (CLOUD), E32/Mirai.ANL, ELF, ELF/Mirai.A!tr, HEUR, Linux/DDoS-CI, Linux.Mirai.1758, LINUX/Mirai.vfbtx, Malicious (score, malware (ai score=87), null, RDN/Mirai, Trojan, TrojanDDoS.Linux.nk, Trojan.GenericKD.39560227, Trojan.GenericKD.39560227 (B), Trojan.Linux.Mirai, Trojan.Linux.Mirai.K!c, TROJ_GEN.R002C0ODM22, Unix.Trojan.Mirai-7669677-0"
9cbbeb3f16791eb75f9dd1311268e2d6f584d442320b1ff453c5e12903b30f7b,"Backdoor, Backdoor.IRCbot/BASH!1.CC7E (CLASSIC), Backdoor/Shell.IRCbot.S1490, Backdoor.W32.Linux.Agent.bc, BASH/IRCBot.AU!tr, BV, Detected, HEUR, HTML.Z.Agent.4766.GUQ, IRC.Backdoor.Trojan, Linux/Agent.a, Linux/Agent.SC, LINUX/CoinMiner.ABB, Linux.Siggen.2359, Malicious (score, malware (ai score=80), Malware.Generic-Script.Save.ba18, Malware.LINUX/CoinMiner.ABB, null, Possible_IRCBOT.SMLBO, Script.shellBotnet.37854, SH/IRCBot-ANS, Trojan.Linux.Ircbot, Trojan.Script.Agent.hddrdp, Trojan.Script.IRCbot.m!c, Trojan.Shell.Agent.U, Trojan.Shell.Agent.U (B), Unix/Ircbot.U, Unk.Win32.Script.404173"
9e8c44908b8f0bec30283494a6478b3e44eaf57481ff47f3597f9b2c0a805508,"null"
9ecbeee2c88e701fe3d39e868c0a102cc77c033775f8fa9625ae83e9150a2a50,"DDoS, Detected, E64/ABRisk.TSIT-19, ELF, ELF/TrojanGen.A, HEUR, Linux.Generic.Threat, Mal/Generic-S, malware (ai score=99), null, PossibleThreat, RDN/Generic.dx, Trojan, Trojan.252279.Linux.1, Trojan Horse, Trojan.Linux.dsm, Trojan.Linux.Generic, Trojan.Linux.Generic.355701, Trojan.Linux.Generic.355701 (B), Trojan.Linux.Generic.D56D75, Trojan.Linux.Miner.4!c, Trojan.Miner/Linux!8.13825 (CLOUD), TROJ_GEN.R002C0DG124"
9ef2ef02376445bf4c145820c0c81f2bbe0b96f2017278562e0bd259bf7bd061,"Adware/Miner, Application.Linux.Generic.23711, Application.Linux.Generic.23711 (B), Application.Linux.Generic.D5C9F, Artemis!Trojan, a variant of Linux/CoinMiner.CP potentially unwanted, CoinMiner.Linux.Agent.Vsjx, Detected, E32/ABRisk.YHII-0, ELF/TrojanGen.A, Generic Reputation PUA (PUA), GrayWare/Linux.CoinMiner.cp, HackTool.XMRMiner!1.FD0F (CLOUD), LINUX/AVF.Miner.wfhbx, Linux.Risktool.Bitcoinminer.Tnkl, Linux.Siggen.7635, Linux.Troj.CoinMiner.v, Malicious (score, malware (ai score=99), Malware.LINUX/AVF.Miner.wfhbx, Miner, not-a-virus, null, Other, RiskTool.Linux.dro, Riskware.Linux.BitCoinMiner.1!c, Trojan, Trojan.Gen.NPE, TROJ_GEN.R002C0DFI24"
a04ac6d98ad989312783d4fe3456c53730b212c79a426fb215708b6c6daa3de3,"Backdoor, Backdoor.Agent/Linux!1.E683 (CLASSIC), Backdoor.Berbew.F, Backdoor.Hajime.Linux.129, Backdoor.Linux.ayjk, Backdoor.Linux.Hajimi.ya, Detected, E32/Agent.CD, ELF, ELF/Agent.MKVM!tr, ELF_HAJIME.DT, ELF.Mirai.43048.GC, ELF.S.Agent.80280, GenericRXHY-XC!9B6C3518A91D, HEUR, Linux/DDoS-CIF, Linux/Hajime.75930, Linux/Hajime.A, Linux.Hajime.BC, LINUX/Hajime.nsnlw, Linux.Mirai.4338, Linux.Troj.Generic.zp, Malicious (score, Malware@#3bveikrpknimk, malware (ai score=100), Malware.LINUX/Hajime.nsnlw, null, Trojan ( 0001140e1 ), Trojan[Backdoor]/Linux.Hajime.b, Trojan.ElfArm32.Hajime.fbhtfi, Trojan.Linux.Hajime, Trojan.LInux.Hajime, Trojan.Linux.Hajime.m!c, Trojan.Linux.Mirai.FSO, Trojan.Linux.Mirai.FSO (B), Trojan.Linux.Save.Generic79, Unix.Malware.Agent-6626471-0"
a0948427c8363d8fbf91aecb5e3fd84946849dd0d5e402aade25ed9a19c950f7,"Backdoor, Backdoor/Shell.IRCbot.S1490, BASH/IRCBot.AU!tr, BV, HTML/ExpKit.Gen2, IRC.Backdoor.Trojan, Linux/IRCBot.AU, Malicious (score, malware (ai score=80), Malware.Generic-Script.Save.ba18, null, Possible_IRCBOT.SMLBO, Script.shellBotnet.37854, Trojan.Linux.Ircbot, Trojan.Script.Agent.hddrdp, Trojan.Shell.Agent.U, Unk.Win32.Script.404173"
a2718a829cf311f77dc8d9fdbd50246921b7783c8192827e79e007acf96ea6ca,"Adware/Miner, CoinMiner/Linux.Agent.30304472, Detected, E64/ABRisk.PMTS-9, ELF, EXP/ELF.Coinminer.A, Exploit.EXP/ELF.Coinminer.A, HackTool.NBMiner/Linux!1.E357 (CLASSIC), HEUR, Linux.BtcMine.683, Linux/CoinMiner.ABF, Linux.Generic.Threat, Linux.Trojan.Miner.Eflw, Mal/Generic-S, Malicious (score, malware (ai score=87), Miner, null, Static AI - Suspicious ELF, Trojan, Trojan.252279.Linux.1, Trojan.Gen.NPE, Trojan.Linux.Coinminer, Trojan.Linux.Generic.355101, Trojan.Linux.Generic.355101 (B), Trojan.Linux.Generic.D56B1D, Trojan.Linux.GenericKD.21294, Trojan.Linux.Miner.4!c, TROJ_GEN.R002C0DEB24, Unix.Trojan.Miner-9993889-0"
a2ae06a82c054148f86db793959830c1d206241b91dcb81a9b04f78453597e59,"Artemis!Trojan, CoinMiner.Linux.Agent.Vmty, CoinMiner/Linux.Multi.30171136, Detected, ELF, ELF/TrojanGen.A, EXP/ELF.Coinminer.A, Exploit.EXP/ELF.Coinminer.A, HackTool.NBMiner/Linux!1.E357 (CLASSIC), Linux.BtcMine.607, Linux/CoinMiner.VP, Linux.Trojan.Coinminer.Eflw, Mal/Generic-S, Malicious (score, malware (ai score=88), null, PUA, Trojan.246192.Linux.1, Trojan.Gen.NPE, Trojan.Linux.Coinminer, Trojan.Linux.Generic.D2626869, Trojan.Linux.GenericKD.40003689, Trojan.Linux.GenericKD.40003689 (B)"
a7052ea19bbf5cf3e051f045e1d87f2907f2d02848fa9feb44e75e52cbd2a72d,"null"
a728692cf481ed612a35421967a9a499bf1b74f5771059002dfa42c413dda6c7,"Adware/Miner, Application.Linux.Generic.23457, Application.Linux.Generic.23457 (B), Application.Linux.Generic.D5BA1, Artemis!Trojan, a variant of Linux/CoinMiner.CP potentially unwanted, CoinMiner.Linux.Agent.Vrhe, Detected, E64/ABRisk.PZWP-7, ELF/TrojanGen.A, Generic Reputation PUA (PUA), HackTool.XMRMiner!1.FD0F (CLASSIC), LINUX/BitCoinMiner.wksym, Linux.Risktool.Bitcoinminer.Jflw, Linux.Siggen.7526, Linux.Troj.Generic.v, Malicious (score, malware (ai score=79), Malware.LINUX/BitCoinMiner.wksym, Miner, not-a-virus, null, Other, RiskTool.Linux.dxy, Riskware.Linux.BitCoinMiner.1!c, Trojan, Trojan.Gen.NPE, TROJ_GEN.R002C0DF524"
a843ac9c087f399fbf8ef10fec872a732c9cf97c2cd249566a6133a2cebdc0c1,"Adware/Miner, Application.Linux.Generic.23573, Application.Linux.Generic.23573 (B), Application.Linux.Generic.D5C15, a variant of Linux/CoinMiner.CP potentially unwanted, CoinMiner.Linux.Agent.Vynh, Detected, E32/ABRisk.EKHF-7, Generic Reputation PUA (PUA), LINUX/AVF.Miner.ahqvw, Linux.Risktool.Bitcoinminer.Kflw, Linux.Siggen.7590, Linux.Troj.Generic.v, Malicious (score, malware (ai score=85), Malware.LINUX/AVF.Miner.ahqvw, Miner, not-a-virus, null, Other, RiskTool.Linux.dyl, Riskware.ElfArm32.AVF.kogbdo, Riskware.Linux.BitCoinMiner.1!c, Trojan, Trojan.CoinMiner/Linux!8.132F9 (CLOUD), Trojan.Gen.NPE, TROJ_GEN.R002C0DF824"
a8460f446be540410004b1a8db4083773fa46f7fe76fa84219c93daa1669f8f2,"ABRisk.FFGU-0, Backdoor/Text.CryptoBot, Detected, Linux.BtcMine.271, Linux/Miner-ADV, Malware@#t8qixr26txeu, null, Other, ShellScript.Trojan.44624, Trojan, Trojan ( 0001140e1 ), Trojan.Script.Shell, Trojan.Script.Shell.4!c, Trojan.Shell.Agent, Trojan.Shell.Agent.V, Trojan.Shell.Agent.V (B), Trojan.SH.MALKEY.AA"
aaa88826b4eb5ded1e99b4b06de8bd6bda5d50812416fd4c19da0739012cfb3f,"Backdoor.Linux.BASHLITE.SMJC, Detected, ELF, Gen, HEUR, Linux.Backdoor.Mirai.Rimw, LINUX/Gafgyt.qepml, Linux/Mirai.BZR, Linux/Mirai.REAL!tr, Linux.Trojan.Gafgyt.B, Mal/Generic-S, Malicious (score, malware (ai score=83), Malware.LINUX/Gafgyt.qepml, null, RDN/Generic BackDoor, Trojan, Trojan.Gen.NPE, Trojan.Linux.Agent.Vbef, Trojan.Linux.Generic, Trojan.Linux.Generic.292085, Trojan.Linux.Generic.292085 (B), Trojan.Linux.Generic.D474F5, Trojan/Linux.Mirai.vi, Trojan.Malware.121218.susgen, Trojan.Mirai/Linux!8.13298 (TFE, Unix.Trojan.Mirai-9977541-0, Virus.Generic.AI.1!c, Worm/Linux.Mirai.SE276"
ab897157fdef11b267e986ef286fd44a699e3699a458d90994e020619653d2cd,"Adware/Miner, Application.Generic.3762770, Application.Generic.3762770 (B), Application.Generic.D396A52, Artemis!Trojan, a variant of Linux/CoinMiner.AV potentially unwanted, CoinMiner.Linux.Agent.Vgyk, Detected, E64/ABRisk.YHUW-4, Generic Reputation PUA (PUA), HackTool.XMRMiner!1.FD0F (CLOUD), Linux.Risktool.Bitcoinminer.Simw, Linux.Siggen.7633, Linux.Troj.CoinMiner.v, Malicious (score, malware (ai score=99), Miner, not-a-virus, null, Other, PotentialRisk.PUA/AVI.CoinMiner.uirrj, PUA/AVI.CoinMiner.uirrj, Riskware.Linux.BitCoinMiner.1!c, RiskWare[RiskTool]/Linux.BitCoinMiner, Trojan, Trojan.Gen.NPE, TROJ_GEN.R002C0DFI24"
b244f931be2522b498ccbf8825c5fce8f49cd926687f97b27e0fcd155c2a3584,"null"
b2abbc4c02955abf5030c05beab2325a902eace0821af7714df45e60139823a3,"BV, Downloader.Agent/BASH!1.DE16 (CLASSIC), null, Script.Trojan.46449, Trojan.SH.BOOTNOOT.A"
b3f82e8a9815060d4982f236f55205bdb05d3100c8b0647468cdc672f02348c3,"CoinMiner/Linux.Agent.30304472, Detected, ELF, EXP/ELF.Coinminer.Gen.A, Exploit.EXP/ELF.Coinminer.Gen.A, Linux.BtcMine.683, Linux/CoinMiner.ABF, Malicious (score, malware (ai score=86), null, Trojan, Trojan.252279.Linux.1, Trojan.Linux.Coinminer, Trojan.Linux.Generic.D1F0D, Trojan.Linux.GenericKD.7949, Trojan.Linux.GenericKD.7949 (B), Unix.Trojan.Coinminer-10007719-0"
b4dddcdf13cf61a26f9a622be996a33908c7f6bd03a223e393a32482f28c199b,"null"
b9e643a8e78d2ce745fbe73eb505c8a0cc49842803077809b2267817979d10b0,"CoinMiner-FEX!C8BC258CE1EF, CoinMiner/Linux.Multi.30171136, Coinminer.Linux.PANCHAN.YXCF4, Detected, E64/Coinminer.FA, ELF, ELF.Trojan.46708.GC, EXP/ELF.Coinminer.A, Exploit.EXP/ELF.Coinminer.A, GenericRXUZ-KE!C8BC258CE1EF, HackTool.NBMiner/Linux!1.E357 (CLASSIC), HEUR, Linux.BtcMine.556, Linux/CoinMiner.VP, Linux.S.Agent.30171136, Linux.Trojan.Coinminer.Hplw, Malicious (score, malware (ai score=100), Miner, null, PUA, Suspicious.Linux.Save.a, Trojan.246192.Linux.1, Trojan.Gen.NPE, Trojan.Linux.Agent.4!c, Trojan.Linux.Coinminer, Trojan.Linux.CoinMiner, Trojan.Linux.Generic.D2626869, Trojan.Linux.GenericKD.40003689, Trojan.Linux.GenericKD.40003689 (B), Unix.Trojan.Miner-9993889-0"
bc5964d46a872260b429717a7263ccbece8592b34b84869563d6092c868a253a,"Adware/Mirai, ANDROID/Mirai.mlhsk, Backdoor, Backdoor.Linux.Mirai, Backdoor.Linux.MIRAI.USELVAC23, Detected, ELF, Gen, HEUR, Linux.Mirai.4514, Linux/Mirai.BZP, Linux.Trojan.Agent.Psmw, Malicious (score, malware (ai score=89), null, RDN/Generic.dx, Suspicious.Linux.Save.a, Trojan.Agent/Linux!8.13268 (CLOUD), Trojan.Generic.32975353, Trojan.Generic.32975353 (B), Trojan.Generic.D1F729F9, Trojan.Gen.NPE, Trojan.Linux.Agent.4!c, Trojan.Linux.Mirai, Trojan/Linux.Mirai.bzp"
bdcb3fe159a00c19682c86463d35ddbf26d43597c340ae340ddb79a6e6b1ac2d,"ABRisk.VHIG-0, BV, Detected, Downloader.Agent/BASH!1.DE16 (CLASSIC), Generic.Bash.MiraiB.0D724D73, Generic.Bash.MiraiB.0D724D73 (B), LINUX/Dldr.Agent.gyj, Linux/TrojanDownloader.SH.BGI, Malicious (score, Malware@#3sdsg6lpea3df, malware (ai score=80), null, Script.Trojan.46449, Trojan-Downloader.Linux.Sh, Trojan[Downloader]/Linux.SH, Trojan-Downloader.Shell.Agent.cr, Trojan.Generic-Bash.Save.cfd40c80, Trojan.Gen.NPE, Trojan.Shell.Agent.a!c, Win32.Trojan-Downloader.Agent.Qsmw"
be62014d55d8562493ae0b6c25494d6e344c14043d80c8cc20dce3b363433e6b,"null"
c090ae197a6cd91ba529374e99972b78cda533f4ee94a292446ca88498ed453a,"Backdoor, Backdoor.IRCbot/BASH!1.CC7E (CLASSIC), Backdoor/Shell.IRCbot.S1490, Backdoor.W32.Linux.Agent.bc, BASH/IRCBot.AU!tr, BV, Detected, HEUR, HTML.Z.Agent.4766.GSK, IRC.Backdoor.Trojan, Linux/Agent.a, Linux/Agent.SC, LINUX/CoinMiner.ABB, Linux.Siggen.2359, Malicious (score, malware (ai score=88), Malware.Generic-Script.Save.ba18, Malware@#gsbyjd399izm, Malware.LINUX/CoinMiner.ABB, null, Possible_IRCBOT.SMLBO, Script.shellBotnet.37854, SH/IRCBot-ANS, Trojan.Linux.Agent.m!c, Trojan.Linux.Ircbot, Trojan/Linux.IRCBot, Trojan.Script.Agent.hddrdp, Trojan.Shell.Agent.U, Trojan.Shell.Agent.U (B), Unix/Ircbot.U, Unk.Win32.Script.404173"
c689354ea82ea3c621f05b7ae0aac44adb68da43e94311e99d31e4d4e0dc7efe,"BV, Downloader.Agent/BASH!8.13146 (TOPIS, HEUR, HTML/ExpKit.Gen2, HTML.ExploitKit, Linux.DownLoader.37, Malicious (score, Malware.HTML/ExpKit.Gen2, null, Script.Trojan.Agent.TISH29, Trojan.Gen.NPE, Win32.Trojan.Expkit.Azlw"
c801a195cb85ddc6bfe5b95114a078b9be030d80cedeceba1e4c20d3858418aa,"ANDROID/Mirai.mjdou, a variant of Linux/Mirai.BZQ, Backdoor.Linux.etbl, Detected, ELF, ELF/Mirai.VI!tr, ELF.Trojan.47403.GC, Gen, HEUR, Linux.Backdoor.Mirai.Czlw, Linux.Mirai.4513, Malicious (score, malware (ai score=86), null, RDN/Generic.dx, Suspicious.Linux.Save.a, Trojan, Trojan.Generic.32974639, Trojan.Generic.32974639 (B), Trojan.Generic.D1F7272F, Trojan.Gen.NPE, Trojan.Linux.Gafgyt, Trojan/Linux.Mirai.bzq, Trojan.Linux.Mirai.K!c, Trojan.Linux.MULTIVERZE.USELVAH23, Trojan.Malware.121218.susgen, Trojan.Mirai/Linux!8.13298 (CLOUD), Unix.Trojan.Mirai-9977541-0"
c8be8315e0a990ed105069afe2a1354f1c7a0f25123bf326c11c98ef82e13ac6,"Backdoor, Backdoor.IRCbot/BASH!1.CC7E (CLASSIC), Backdoor/Shell.IRCbot.S1490, Backdoor.W32.Linux.Agent.bc, BASH/IRCBot.AU!tr, BV, Detected, HEUR, HTML.Z.Agent.4766.GNK, IRC.Backdoor.Trojan, Linux/Agent.a, Linux/Agent.SC, LINUX/CoinMiner.ABB, Linux.Siggen.2359, Malicious (score, malware (ai score=84), Malware.Generic-Script.Save.ba18, Malware.LINUX/CoinMiner.ABB, null, Possible_IRCBOT.SMLBO, Script.shellBotnet.37854, SH/IRCBot-ANS, Trojan.Linux.Ircbot, Trojan.Script.Agent.4!c, Trojan.Script.Agent.hddrdp, Trojan.Shell.Agent.U, Trojan.Shell.Agent.U (B), Unix/Ircbot.U, Unk.Win32.Script.404173"
cb678196ed362e2252077d56ada8238acff7d4ed6b10421ef7cc5c620589cdf3,"ABRisk.AZYW-7, BV, Detected, Downloader, Downloader.Agent/BASH!1.DE16 (CLASSIC), Generic.Bash.MiraiB.4CC9FC37, Generic.Bash.MiraiB.4CC9FC37 (B), LINUX/Dldr.Agent.gwz, Linux/TrojanDownloader.SH.BHI, Malicious (score, Malware@#1cs7cl2263dar, malware (ai score=85), Malware.LINUX/Dldr.Agent.gwz, null, Trojan-Downloader.Linux.Sh, Trojan[Downloader]/Linux.SH, Trojan-Downloader.Shell.Agent.cr, Trojan.Generic-Bash.Save.cfd40c80, Trojan.Shell.Agent.a!c, TROJ_FRS.VSNTF822, Win32.Trojan-Downloader.Agent.Kcnw"
cbcf9a2a197e699c76b898060c44f713a32bf1fd1f6cbf320a102bc47dcfe2c2,"null"
cd8041fc39dbd43ead00d75d64f32e1778f0fb3e32ee3b8e2a024d60e733d66b,"CoinMiner/Linux.Agent.30304472, CoinMiner.Linux.Agent.V18n, Detected, ELF, EXP/ELF.Coinminer.Gen.A, Exploit, Exploit.EXP/ELF.Coinminer.Gen.A, HackTool.NBMiner/Linux!1.E357 (CLOUD), Linux.BtcMine.683, Linux/CoinMiner.ABF, Mal/Generic-S, Malicious (score, malware (ai score=84), null, Riskware/CoinMiner, Trojan.252279.Linux.1, Trojan.Gen.NPE, Trojan.Linux.Coinminer, Trojan.Linux.Generic.D1F0D, Trojan.Linux.GenericKD.7949, Trojan.Linux.GenericKD.7949 (B), Trojan.Linux.Linux.4!c, TROJ_GEN.R002H0CCV23, Unix.Trojan.Miner-9993889-0"
cdfb39095f6ef0494fae5b630b2bbbea67dd18f8581d1a48441160e5458acbec,"null"
ceec2ae80217882a47f718975f6cf5eb8bf8162fb381886a59835a6ec4916c30,"Adware/Miner, Artemis!Trojan, CoinMiner/Linux.Agent.30304472, Detected, E64/ABRisk.MKNJ-7, ELF, EXP/ELF.Coinminer.Gen.A, Exploit.EXP/ELF.Coinminer.Gen.A, HackTool.NBMiner/Linux!1.E357 (CLOUD), Linux.BtcMine.683, Linux/CoinMiner.ABF, Mal/Generic-S, Malicious (score, malware (ai score=89), null, Trojan, Trojan.252279.Linux.1, Trojan.Gen.NPE, Trojan.Linux.Coinminer, Trojan.Linux.Generic.D1F0D, Trojan.Linux.GenericKD.7949, Trojan.Linux.GenericKD.7949 (B), Trojan.Linux.Linux.4!c, Trojan.Linux.MALXMR.USELVH423, Unix.Trojan.Miner-9993889-0"
cf8123598b1420a58610e81423d07660042eb3cdf96cad92b280d5105ce3d940,"Backdoor, Backdoor.IRCbot/BASH!1.CC7E (CLASSIC), Backdoor/Shell.IRCbot.S1490, Backdoor.W32.Linux.Agent.bc, BASH/IRCBot.AU!tr, BV, Detected, HEUR, IRC.Backdoor.Trojan, Linux/Agent.a, Linux/Agent.SC, LINUX/CoinMiner.ABB, Linux.Siggen.2359, Malicious (score, malware (ai score=85), Malware.Generic-Script.Save.ba18, Malware.LINUX/CoinMiner.ABB, null, Possible_IRCBOT.SMLBO, Script.shellBotnet.37854, SH/IRCBot-ANS, Trojan.Linux.Ircbot, Trojan.Script.Agent.hddrdp, Trojan.Shell.Agent.U, Trojan.Shell.Agent.U (B), Trojan.UKP.IRCbot.m!c, Unix/Ircbot.U, Unk.Win32.Script.404173"
d10c5feebee169dd94208f86a9d4f385eb02de8ee29b411eef4c1a7b6167787c,"Adware/Miner, Artemis!Trojan, CoinMiner/Linux.Agent.30304472, Detected, E64/ABRisk.EZDT-3, ELF, EXP/ELF.Coinminer.Gen.A, Exploit.EXP/ELF.Coinminer.Gen.A, HackTool.NBMiner/Linux!1.E357 (CLOUD), Linux.BtcMine.683, Linux/CoinMiner.ABF, Mal/Generic-S, Malicious (score, malware (ai score=86), null, Script.Ks.Malware.17553, Static AI - Malicious ELF, Trojan, Trojan.252279.Linux.1, Trojan.Gen.NPE, Trojan.Linux.Coinminer, Trojan.Linux.Generic.4!c, Trojan.Linux.Generic.D1F0D, Trojan.Linux.GenericKD.7949, Trojan.Linux.GenericKD.7949 (B), Trojan.Linux.MALXMR.USELVKG23, Unix.Trojan.Miner-9993889-0"
d1e26dbea1f03e0a020503549a4efa6a796c0feddbd193b4fe9ae9dd2e1a948b,"null"
d2b7f83d50e70dfc3e20b8bf71bf33a57c9425d45bcc73160245ea0eaa55c057,"Backdoor, Backdoor.IRCbot/BASH!1.CC7E (CLASSIC), Backdoor/Shell.IRCbot.S1490, Backdoor.W32.Linux.Agent.bc, BASH/IRCBot.AU!tr, BV, Detected, HEUR, IRC.Backdoor.Trojan, Linux/Agent.a, Linux/Agent.SC, LINUX/CoinMiner.ABB, Linux.Siggen.2359, Malicious (score, Malware@#2shvnb6t9l2u8, malware (ai score=80), Malware.Generic-Script.Save.ba18, null, Possible_IRCBOT.SMLBO, Script.shellBotnet.37854, SH/IRCBot-ANS, Trojan.Generic.D3E14537, Trojan.GenericKD.65094967, Trojan.GenericKD.65094967 (B), Trojan.Linux.Agent.m!c, Trojan.Linux.Ircbot, Trojan.Linux.IRCBot, Trojan.Script.Agent.hddrdp, Unix/Ircbot.U, Unk.Win32.Script.404173"
d42fef60e13ef1c7ccb1039044bbf307c5d4417a7abf0b271956cef6e2d593be,"Artemis!Trojan, Backdoor.Mirai/Linux!8.13285 (CLOUD), Detected, ELF, Gen, HEUR, Linux.Backdoor.Mirai.Uimw, LINUX/Mirai.bfiyh, Linux/Mirai.CCE, Malicious (score, malware (ai score=89), Malware.LINUX/Mirai.bfiyh, null, PossibleThreat, Suspicious.Linux.Save.a, Trojan, Trojan[Backdoor]/Linux.Mirai.fk, Trojan.Gen.NPE, Trojan.Linux.Generic.D28BD, Trojan.Linux.GenericKD.10429, Trojan.Linux.GenericKD.10429 (B), Trojan.Linux.Mirai, TROJ_GEN.R002H07DT23"
d46555af1173d22f07c37ef9c1e0e74fd68db022f2b6fb3ab5388d2c5bc6a98e,"null"
d546509ab6670f9ff31783ed72875dfc0f37fa2b666bd5870eecaaed2ebea4a8,"Backdoor, Backdoor.Linux.dzna, Backdoor.Linux.Gafgyt, Backdoor/Linux.Gafgyt.108264, Backdoor.Linux.GAFGYT.AOB, Backdoor.Mirai/Linux!1.DDF1 (CLOUD), DDoS, Detected, ELF, ELF/BackDoor.b, ELF/GenericKD.3721!tr, ELF.Mozi.Trojan.38281, HEUR, LINUX/Agent.leqib, Linux.BackDoor.Fgt.3003, Linux.BackDoor.Fgt.ELN, Linux.Backdoor.Gafgyt.Vimw, Linux/DDoS-DI, Linux/Mozi.A, Linux.Mozi.I, Linux.Mozi.I (B), Linux.Packer.Patched.UPX, Linux.S.Agent.108808, Linux.Troj.Gafgyt.zp, Malicious (score, Malware@#1byxy4joscal8, malware (ai score=100), Malware.LINUX/Agent.leqib, null, Suspicious.Linux.Save.a, Trojan.Agent.Linux.2429, Trojan[Backdoor]/Linux.Mozi, Trojan.Etecer.bX33F1.3, Trojan.Fgt.guanxk, Trojan.Gen.MBT, Trojan.Linux.Gafgyt, Trojan.Linux.Gafgyt.m!c, Trojan.Malware.121218.susgen, Unix.Malware.Agent-7464514-0"
d5601202dff3017db238145ff21857415f663031aca9b3d534bec8991b12179a,"Backdoor, Backdoor.Hajime.Linux.133, Backdoor.Linux.azsj, Backdoor.Linux.Hajime.Vkhd, Detected, E32/DCHajime.PMWE-, ELF, ELF/Hajime.A!tr, ELF.S.Agent.85128, ELF.Trojan.Agent.44188.GC, GenericRXIC-BY!B8ED2CB3E9FE, HEUR, Linux.Backdoor.Hajime.Vimw, Linux.Hajime, Linux.Hajime.34, Linux/Hajime-A, Linux/Hajime.A, Linux.Hajime.BI, LINUX/Hajime.ltfzr, Linux.Troj.Generic.zp, Malicious (score, Malware@#2mrs7kk6y4wd0, malware (ai score=100), Malware.LINUX/Hajime.ltfzr, null, Trojan, Trojan.Agent/Linux!8.13268 (TFE, Trojan[Backdoor]/Linux.Hajime.b, Trojan.Elf32.Hajime.fbjkxb, Trojan.Generic.33549756, Trojan.Generic.33549756 (B), Trojan.Generic.D1FFEDBC, Trojan.Linux.Hajime, Trojan.LInux.Hajime, Trojan.Linux.Hajime.m!c, TROJ_GEN.R002C0DB424, Unix.Malware.Agent-6622311-0"
d6528bab8c5559c68312285c0c214744f0f33ba93a51942bcc6d9d2770476e26,"Backdoor, Backdoor.IRCbot/BASH!1.CC7E (CLASSIC), Backdoor/Shell.IRCbot.S1490, BASH/IRCBot.AU!tr, BV, Detected, HEUR, IRC.Backdoor.Trojan, Linux/Agent.a, Linux/Agent.SC, LINUX/CoinMiner.ABB, Linux.Siggen.2359, Malicious (score, malware (ai score=84), Malware.Generic-Script.Save.ba18, Malware.LINUX/CoinMiner.ABB, null, Possible_IRCBOT.SMLBO, Script.shellBotnet.37854, SH/IRCBot-ANS, Trojan.Linux.Agent.m!c, Trojan.Linux.Ircbot, Trojan.Linux.IRCBot, Trojan.Script.Agent.hddrdp, Trojan.Shell.Agent.U, Trojan.Shell.Agent.U (B), Unix/Ircbot.U, Unk.Win32.Script.404173, Win32.Troj.Generic.jm"
d7f98e379c400c13340781ccb65017c000330824ea26680866b9d3e43d641721,"Artemis, Detected, E64/ABRisk.VOMJ-6, ELF, ELF/TrojanGen.A, HEUR, Linux.Generic.Threat, Mal/Generic-S, malware (ai score=63), Miner, null, Trojan, Trojan.252279.Linux.1, Trojan.Gen.NPE, Trojan.Linux.dsm, Trojan.Linux.Generic, Trojan.Linux.Generic.355701, Trojan.Linux.Generic.355701 (B), Trojan.Linux.Generic.D56D75, Trojan.Linux.Miner.4!c, Trojan.Miner/Linux!8.13825 (CLOUD), TROJ_GEN.R002C0DEP24"
d9b8aded3068a0eb0e1ccd9174fff8866c35aacc38c17babebb5eeaaa747e68b,"Backdoor, Backdoor.IRCbot/BASH!1.CC7E (CLASSIC), Backdoor/Shell.IRCbot.S1490, BASH/IRCBot.AU!tr, BV, HEUR, HTML.Z.Agent.4766.FIH, IRC.Backdoor.Trojan, Linux/Agent.a, LINUX/CoinMiner.ABB, Linux/IRCBot.AU, Linux.Siggen.2359, Malicious (score, malware (ai score=87), Malware.Generic-Script.Save.ba18, null, Possible_IRCBOT.SMLBO, Script.shellBotnet.37854, SH/IRCBot-ANS, Trojan.Linux.Agent.m!c, Trojan.Linux.Ircbot, Trojan.Script.Agent.hddrdp, Trojan.Shell.Agent.U, Trojan.Shell.Agent.U (B), Unix/Ircbot.U, Unk.Win32.Script.404173"
da5a3f86b3a36d6ffe29cb5beda9394ff71a69a3278106dd0d8459c7a698d870,"a variant of Linux/Agent.GF, Backdoor.SSh!8.4580 (TFE, ELF, ELF/BruteForce.I!tr, GenericRXIK-SD!7F2F76470C90, GenericRXIK-UY!4C2388FACF00, HEUR, LINUX/Agent.mxfdv, Linux.Application.CoinMiner.AH, Linux.BtcMine.271, Malware.LINUX/Agent.mxfdv, null, Trojan, Trojan.Linux.Ssh.m!c, Unix.Malware.Agent-7443628-0"
da9a51bcf05b047eeee9b6572babb86a7105743b49f3ae973c92fc71ee9170be,"a variant of Linux/TrojanDownloader.Mirai.CL, Detected, Downloader.Mirai/Linux!8.13556 (CLOUD), E32/Mirai.AOZ, ELF, HEUR, LINUX/Dldr.Mirai.icukp, Linux.DownLoader.598, Linux.DownLoader.XA, Linux.Trojan-Downloader.Mirai.Fmnw, Malware@#3domb2veqty8n, malware (ai score=85), null, Possible_MIRAIDLOD.SMLBAT6, PossibleThreat, RDN/Generic Downloader.x, Suspicious.Linux.Save.a, TrojanDownloader, TrojanDownloader.Linux.ab, Trojan-Downloader.Linux.Mirai, Trojan[Downloader]/Linux.Mirai.d, Trojan.Gen.NPE, Trojan.Linux.Generic.256870, Trojan.Linux.Generic.D3EB66, Trojan.Linux.Mirai.K!c"
db06a40d33db2416bcc452736ad5ee7b4035c457b3f7d559b05ec200d6a8c7a5,"Backdoor.Gafgyt/Linux!8.132A2 (CLOUD), Backdoor.Linux.BASHLITE.SMJC, Detected, ELF, ELF/Mirai.VI!tr, Gen, HEUR, Linux.Backdoor.Mirai.Gmnw, LINUX/Gafgyt.aeatr, Linux/Mirai.BZR, Linux.Trojan.Gafgyt.B, Malicious (score, malware (ai score=89), null, RDN/Generic BackDoor, Suspicious.Linux.Save.a, Trojan, Trojan[Backdoor]/Linux.Gafgyt.bj, Trojan.Gen.NPE, Trojan.Linux.Gafgyt.4!c, Trojan.Linux.Generic.D1BAD, Trojan.Linux.GenericKD.7085, Trojan.Linux.GenericKD.7085 (B), Trojan.Linux.Mirai, Trojan.Malware.121218.susgen, Unix.Trojan.Mirai-9770090-0, Worm/Linux.Mirai.SE276"
dd8c9ddcb52e2c733b37a4eec2e00fb39e8ccea196a6550d298621b85d3bb2e6,"Artemis, DDoS, Detected, E64/ABRisk.QEVO-9, ELF/TrojanGen.A, HEUR, Linux.Generic.Threat, Linux.Trojan.Miner.gen, Mal/Generic-S, null, PossibleThreat, Trojan.252279.Linux.1, Trojan Horse, Trojan.Linux.dsm, Trojan.Linux.Generic, Trojan.Linux.Generic.355701, Trojan.Linux.Generic.355701 (B), Trojan.Linux.Generic.D56D75, Trojan.Linux.Miner.4!c, Trojan.Miner/Linux!8.13825 (CLOUD), TROJ_GEN.R002C0DG124, Unix.Trojan.Coinminer-10007864-0"
de1f95c2126248ebb8e08ab8bd1a897ea1069d64372b69b936c91fbe06653365,"a variant of Generik.NIRFQOM, Backdoor, Backdoor.Mirai/Linux!8.13285 (TFE, Detected, ELF, Gen, HEUR, Linux.Backdoor.Mirai.Jmnw, LINUX/Gafgyt.bdgsr, Linux.Siggen.9999, Mal/Generic-S, Malicious (score, malware (ai score=89), Malware.LINUX/Gafgyt.bdgsr, null, RDN/Generic BackDoor, Suspicious.Linux.Save.a, Trojan ( 0040f2351 ), Trojan[Backdoor]/Linux.Mirai.fk, Trojan.Elf32.Mirai.jwsfym, Trojan.Generic.33580768, Trojan.Generic.33580768 (B), Trojan.Generic.D20066E0, Trojan.Gen.NPE, Trojan.Linux.Mirai.K!c, Trojan.SuspectCRC, Unix.Trojan.Mirai-7138377-0, W32/BackDoor.NIRFQOM!tr"
df46713c459edb811814c12babe940b480e945a9a0ab4906d165301bcf70c6cc,"CoinMiner/Linux.Agent.30304472, Detected, E64/ABRisk.ASYF-4, ELF, EXP/ELF.Coinminer.Gen.A, Exploit, Exploit.EXP/ELF.Coinminer.Gen.A, HackTool.NBMiner/Linux!1.E357 (CLOUD), Linux.BtcMine.683, Linux/CoinMiner.ABF, Mal/Generic-S, Malicious (score, malware (ai score=83), null, Riskware/CoinMiner, Trojan.252279.Linux.1, Trojan.Gen.NPE, Trojan.Linux.Coinminer, Trojan.Linux.Generic.D1F0D, Trojan.Linux.GenericKD.7949, Trojan.Linux.GenericKD.7949 (B), Trojan.Linux.Linux.4!c, TROJ_GEN.R002H0CE123, Unix.Trojan.Miner-9993889-0"
e056263435f622034d4bc2375b2f60619e9e7dd0cabaaa34f8ade90649d8e213,"a variant of Linux/Mirai.BZQ, Backdoor.Linux.MIRAI.USELVAC23, Detected, E32/Mirai.ART, ELF, ELF/Mirai.VI!tr, ELF.Trojan.47403.GC, Gen, HEUR, Linux.BackDoor.Fgt.5895, Linux.Backdoor.Mirai.Msmw, LINUX/Mirai.kgedv, Malicious (score, malware (ai score=88), null, RDN/Generic.dx, Suspicious.Linux.Save.a, Trojan, Trojan.Generic.32996957, Trojan.Generic.32996957 (B), Trojan.Generic.D1F77E5D, Trojan.Gen.NPE, Trojan.Linux.Mirai, Trojan/Linux.Mirai.bzq, Trojan.Linux.Mirai.K!c, Trojan.Malware.121218.susgen, Trojan.Mirai.julxgm, Trojan.Mirai/Linux!8.13298 (CLOUD), Unix.Trojan.Mirai-9977541-0"
e15e93db3ce3a8a22adb4b18e0e37b93f39c495e4a97008f9b1a9a42e1fac2b0,"Backdoor.Gafgyt/Linux!1.C9CA (CLASSIC), Backdoor.Linux.dzom, Backdoor.Linux.Gafgyt, Backdoor.Linux.GAFGYT.ANY, Backdoor.Mirai.Linux.87935, DDoS, Detected, E32/Gafgyt.DS, ELF, ELF/Gafgyt.AN!tr, ELF.Mozi.Trojan.38281, HEUR, Linux.BackDoor.Fgt.EKS, Linux/DDoS-DI, Linux/Gafgyt.gen.b, LINUX/Gafgyt.ziepu, Linux.Mirai.7891, Linux/Mozi.A, Linux.Packer.Patched.UPX, Linux.S.Agent.95268, Linux.Troj.Gafgyt.zp, Linux/Truncpx.94360, Malicious (score, Malware@#2iyq7iz6nycbc, malware (ai score=100), Malware.LINUX/Gafgyt.ziepu, null, Trojan, Trojan[Backdoor]/Linux.Mozi, Trojan.ElfArm32.Mlw.gqfrei, Trojan.Gen.2, Trojan.Linux.Gafgyt, Trojan.Linux.Gafgyt.cac, Trojan.Linux.Gafgyt.m!c, Trojan.Linux.Mirai.FSN, Trojan.Linux.Mirai.FSN (B), Trojan.Win32.Skeeyah.A"
e334b7bb3d687f84b56d007a0e6f0344721916223bf3faaf44f83780487589e2,"BASH/Agent.HYF!tr, BAT/Agent.AUC, BV, Detected, Downloader.Agent/BASH!8.13146 (TOPIS, Generic.Bash.MiraiB.483BB8C4, Generic.Bash.MiraiB.483BB8C4 (B), LINUX/Dldr.Agent.hyf, Linux/Dldr-VN, Linux.DownLoader.2243, Linux/TrojanDownloader.SH.CKR, Malicious (score, malware (ai score=88), Malware.ELF-Script.Save.7e152ee8, Malware.LINUX/Dldr.Agent.hyf, null, Script.trojan.A11928960, Trojan[downloader], Trojan-Downloader.Linux.Agent, Trojan.Gen.NPE, Trojan.Script.Bash.4!c, Trojan.Shell.Agent.dt, Win32.Trojan-Downloader.Agent.Psmw, Win32.Troj.Undef.a"
e4cc9a566e92fd87c00dfe2398f93b7badd2110cb712145e344e20aa0ddc6457,"Backdoor.Linux.etbf, Backdoor.Linux.Mirai.V6s0, Backdoor.Mirai!8.E05B (CLOUD), Detected, ELF, ELF/TrojanGen.A, Gen, HEUR, Linux.Backdoor.Mirai.Qsmw, Linux/Mirai.CCE, LINUX/Mirai.klpou, Linux.Trojan.Mirai, Mal/Generic-S, Malicious (score, malware (ai score=83), Malware.LINUX/Mirai.klpou, null, PossibleThreat, RDN/Mirai, Static AI - Malicious ELF, Trojan, Trojan[Backdoor]/Linux.Mirai.fk, Trojan.Gen.NPE, Trojan.Linux.Generic, Trojan.Linux.Generic.298022, Trojan.Linux.Generic.298022 (B), Trojan.Linux.Generic.D48C26, Trojan.Linux.Mirai.K!c, TROJ_GEN.R03BC0PE123"
e7ce03afb4326a44dd56358bf7ea6022adb72d8f036d1e901a28949b42f4c138,"null"
e89b79c039776ff64e4979a80fa95c020161a98f8cb434fbfd09f409ba73bd9e,"Adware/Miner, Application.Linux.Generic.23454, Application.Linux.Generic.23454 (B), Application.Linux.Generic.D5B9E, Artemis!Trojan, a variant of Linux/CoinMiner.CP potentially unwanted, CoinMiner.Linux.Agent.Vlhl, Detected, E32/ABRisk.AUAW-18, ELF/TrojanGen.A, Generic Reputation PUA (PUA), GrayWare/Linux.CoinMiner.cp, Linux.Risktool.Bitcoinminer.Usmw, Linux.Siggen.7528, Linux.Troj.Generic.v, Malicious (score, malware (ai score=90), Miner, not-a-virus, null, Other, PotentialRisk.PUA/AVI.CoinMiner.sphdl, PUA/AVI.CoinMiner.sphdl, PUA.CoinMiner/Linux!8.15288 (CLOUD), RiskTool.Linux.dro, Trojan, Trojan.Gen.NPE, Trojan.Linux.Generic.4!c, TROJ_GEN.R002C0DF524"
ea9f3911ff2884621874c1e98b5dc9139964adeab333b92816eb5c307d73a67f,"Adware/Miner, Application.Linux.Generic.23710, Application.Linux.Generic.23710 (B), Application.Linux.Generic.D5C9E, a variant of Linux/CoinMiner.CP potentially unwanted, CoinMiner.Linux.Agent.Vf0q, Detected, E32/ABRisk.ICQP-9, Generic Reputation PUA (PUA), LINUX/AVF.Miner.fvfwa, Linux.Risktool.Bitcoinminer.Bwnw, Linux.Siggen.7626, Linux.Troj.CoinMiner.v, Malicious (score, malware (ai score=99), Malware.LINUX/AVF.Miner.fvfwa, Miner, not-a-virus, null, Other, RiskTool.Linux.dyj, Riskware.Linux.BitCoinMiner.1!c, Trojan, Trojan.CoinMiner/Linux!8.132F9 (CLOUD), Trojan.Gen.NPE, TROJ_GEN.R002C0DFI24"
eacdd45f881888d24e377b8de292525ca3d3fee28eec1c218a09ff95f1cdcffd,"Adware/Miner, Artemis!Trojan, CoinMiner/Linux.Agent.30304472, Detected, E64/ABRisk.WUZH-6, ELF, EXP/ELF.Coinminer.A, Exploit, Exploit.EXP/ELF.Coinminer.A, HackTool.NBMiner/Linux!1.E357 (CLASSIC), Linux.BtcMine.683, Linux/CoinMiner.ABF, Linux.Generic.Threat, Mal/Generic-S, Malicious (score, malware (ai score=86), null, Script.Ks.Malware.17553, Static AI - Malicious ELF, Trojan.252279.Linux.1, Trojan.Gen.NPE, Trojan.Linux.Coinminer, Trojan.Linux.Generic.D532E, Trojan.Linux.GenericKD.21294, Trojan.Linux.GenericKD.21294 (B), Trojan.Linux.Linux.4!c, Unix.Trojan.Miner-9993889-0"
eca78a2b624be1c970b4ceb314c4d6b4d173648b18b7b609cdb046a84345a2a6,"Adware/Miner, CoinMiner/Linux.Agent.30304472, Detected, ELF, EXP/ELF.Coinminer.A, Exploit.EXP/ELF.Coinminer.A, HackTool.NBMiner/Linux!1.E357 (CLASSIC), Linux.BtcMine.683, Linux/CoinMiner.ABF, Linux.Generic.Threat, Mal/Generic-S, Malicious (score, malware (ai score=81), null, Static AI - Malicious ELF, Trojan, Trojan.252279.Linux.1, Trojan.Gen.NPE, Trojan.Linux.Coinminer, Trojan.Linux.Generic.4!c, Trojan.Linux.Generic.D532E, Trojan.Linux.GenericKD.21294, Trojan.Linux.GenericKD.21294 (B), TROJ_GEN.R002H0CBJ24, Unix.Trojan.Miner-9993889-0"
f01cac66a63b3bfd7409e4bceef30973a813f6ed4e99958313657449b1c7490f,"Detected, E64/ABRisk.BMND-10, ELF, ELF/TrojanGen.A, HEUR, Linux.Generic.Threat, Mal/Generic-S, Miner, null, PossibleThreat, RDN/Generic.dx, Trojan, Trojan.252279.Linux.1, Trojan.Gen.NPE, Trojan.Linux.dsm, Trojan.Linux.Generic, Trojan.Linux.Generic.355701, Trojan.Linux.Generic.355701 (B), Trojan.Linux.Generic.D56D75, Trojan.Linux.Miner.4!c, Trojan/Linux.Multiverze, Trojan.Miner/Linux!8.13825 (CLOUD), TROJ_GEN.R002C0PFN24"
f03d281504447f7a20d36406c6aad7dac59d0fc1a1222a7838aca1b70e9f8604,"BV, Generic.Bash.MiraiB.FD25E6D0, Generic.Bash.MiraiB.FD25E6D0 (B), Linux/TrojanDownloader.SH.BGI, malware (ai score=81), null, Trojan-Downloader.Linux.Sh, Trojan-Downloader.Shell.Agent.cr, Trojan.Shell.Agent.a!c, Win32.Trojan-downloader.Agent.Pftg"
f14ac4122549b3e81a0177b6771c4b9931c9975d5cb04b8121d349257a4fc693,"Artemis!Trojan, Backdoor.Mirai/Linux!8.13285 (CLOUD), Detected, ELF, Gen, HEUR, Linux.Backdoor.Mirai.Jcnw, Linux/Mirai.CCN, LINUX/Mirai.cohgn, Malicious (score, malware (ai score=83), Malware.LINUX/Mirai.cohgn, null, PossibleThreat, Trojan, Trojan[Backdoor]/Linux.Mirai.fk, Trojan.Gen.NPE, Trojan.Linux.Generic, Trojan.Linux.Generic.299874, Trojan.Linux.Generic.299874 (B), Trojan.Linux.Generic.D49362, Trojan.Linux.Mirai.Vg3f, TROJ_GEN.R002C0XES23"
f1743c85c03a153930f20798ad002acc377e1c32224a6633e45af272e08c9ea3,"Artemis, DDoS, Detected, E64/ABRisk.FQIF-5, ELF, ELF/TrojanGen.A, HEUR, Linux.Generic.Threat, Mal/Generic-S, malware (ai score=61), null, PossibleThreat, Trojan, Trojan.252279.Linux.1, Trojan Horse, Trojan.Linux.dsm, Trojan.Linux.Generic, Trojan.Linux.Generic.355701, Trojan.Linux.Generic.355701 (B), Trojan.Linux.Generic.D56D75, Trojan/Linux.Miner.1081344, Trojan.Linux.Miner.4!c, Trojan.Linux.MULTIVERZE.USBLEA24, Trojan.Miner/Linux!8.13825 (CLOUD)"
f39a76a26bba9049187a01e2b4a50725055a30c5c3c83994113574253e4bfe47,"null"
f3bd4f60322bfc24c5a7d0eafd0b221a538edfb1ddc32ecfa0906bb8c861fdfb,"a variant of Linux/TrojanDownloader.Mirai.CL, Detected, Downloader.Mirai/Linux!8.13556 (CLOUD), ELF, HEUR, LINUX/Dldr.Mirai.dhthc, Linux.DownLoader.598, Linux.DownLoader.XA, Linux.Mirai, Linux.Trojan-Downloader.Mirai.Lcnw, Malicious (score, malware (ai score=80), Malware.LINUX/Dldr.Mirai.dhthc, null, Possible_MIRAIDLOD.SMLBAT6, PossibleThreat, RDN/Generic Downloader.x, Suspicious.Linux.Save.a, TrojanDownloader, TrojanDownloader.Linux.ab, Trojan-Downloader.Linux.Mirai, Trojan[Downloader]/Linux.Mirai.d, Trojan.Linux.Generic.256393, Trojan.Linux.Generic.256393 (B), Trojan.Linux.Generic.D3E989, Trojan.Linux.Mirai.K!c"
f6dc36025b1528ac9ba80e1f697b62af014ba3b44c244dfdcb7927fffe03d1ed,"Adware/Miner, Artemis!Trojan, CoinMiner/Linux.Agent.30304472, Detected, ELF, ELF/TrojanGen.A, EXP/ELF.Coinminer.Gen.A, Exploit, Exploit.EXP/ELF.Coinminer.Gen.A, HackTool.NBMiner/Linux!1.E357 (CLOUD), Linux.BtcMine.683, Linux/CoinMiner.ABF, Mal/Generic-S, Malicious (score, malware (ai score=85), null, Static AI - Malicious ELF, Trojan.252279.Linux.1, Trojan Horse, Trojan.Linux.Coinminer, Trojan.Linux.Generic.4!c, Trojan.Linux.Generic.D532E, Trojan.Linux.GenericKD.21294, Trojan.Linux.GenericKD.21294 (B), TROJ_GEN.R002H0CLK23, Unix.Trojan.Coinminer-10007864-0"
f72babf978d8b86a75e3b34f59d4fc6464dc988720d1574a781347896c2989c7,"Application.Linux.Generic.14121, Application.Linux.Generic.14121 (B), Application.Linux.Generic.D3729, a variant of Linux/CoinMiner.AV potentially unwanted, Detected, E64/CoinMiner.B.gen!Camelot, ELF, ELF.Trojan.44845, HackTool.XMRMiner!1.C0AC (CLASSIC), LINUX/BitCoinMiner.avgpr, Linux/CoinMiner.Gen2, Linux.Cryptominer.Camelot, Linux/Miner-EQ, Linux.Risk.Bitcoinminer.Pcnw, Linux.S.CoinMiner.8010704, Malicious (score, malware (ai score=100), Malware.LINUX/BitCoinMiner.avgpr, Miner, Misc.Riskware.BitCoinMiner.Linux, Multios.Coinminer.Miner-6781728-2, not-a-virus, null, PUP-XNS-AN, RiskTool.Linux.crs, Riskware/CoinMiner, Script.Ks.Malware.2841, Static AI - Malicious ELF, Suspicious.Linux.Save.a, Tool.BitCoinMiner.Linux.433, Tool.Linux.BtcMine.9999, Trojan, Trojan Horse, Trojan.Malware.121218.susgen, Trojan[Miner]/Win64.Xmrig.gen, TROJ_GEN.R014C0PD524"
f8a14f469df44352cf646a76a025dbd50daa54b5b3d9812dc22cc9d7269ea477,"Backdoor, Backdoor.IRCbot/BASH!1.CC7E (CLASSIC), Backdoor/Shell.IRCbot.S1490, Backdoor.W32.Linux.Agent.bc, BASH/IRCBot.AU!tr, BV, Detected, HEUR, IRC.Backdoor.Trojan, Linux/Agent.a, Linux/Agent.SC, LINUX/CoinMiner.ABB, Linux.Siggen.2359, Malicious (score, malware (ai score=86), Malware.Generic-Script.Save.ba18, Malware.LINUX/CoinMiner.ABB, null, Possible_IRCBOT.SMLBO, Script.shellBotnet.37854, SH/IRCBot-ANS, Trojan.Linux.Ircbot, Trojan.Script.Agent.hddrdp, Trojan.Shell.Agent.U, Trojan.Shell.Agent.U (B), Unix/Ircbot.U, Unk.Win32.Script.404173"
f8c18b7511e27d5431752c8cb521bea3b4048841f331a89e773918bf5e635cfd,"Adware/Miner, Application.Linux.Generic.21983, Application.Linux.Generic.21983 (B), Application.Linux.Generic.D55DF, Artemis!Trojan, a variant of Linux/CoinMiner.CP potentially unwanted, CoinMiner.Linux.Agent.V7lt, Detected, E32/ABRisk.AITS-3, ELF/TrojanGen.A, Generic Reputation PUA (PUA), LINUX/AVF.Miner.plxzv, Linux.Risktool.Bitcoinminer.Qcnw, Linux.Siggen.7272, Malicious (score, malware (ai score=99), Malware.LINUX/AVF.Miner.plxzv, Miner, not-a-virus, null, Other, PUA.CoinMiner/Linux!8.15288 (CLOUD), RiskTool.Linux.dwh, Riskware.Linux.BitCoinMiner.1!c, Trojan.Gen.NPE, TROJ_GEN.R002H0CCC24, Virus"
f9996fa88907b41d3e12ad81b86d9e2dad8e05813fe48bbbadce3ff081f96476,"Backdoor, Backdoor.IRCbot/BASH!1.CC7E (CLASSIC), Backdoor/Shell.IRCbot.S1490, BASH/IRCBot.AU!tr, BV, HEUR, IRC.Backdoor.Trojan, Linux/Agent.a, LINUX/CoinMiner.ABB, Linux/IRCBot.AU, Linux.Siggen.2359, Malicious (score, malware (ai score=80), Malware.Generic-Script.Save.ba18, null, Possible_IRCBOT.SMLBO, Script.shellBotnet.37854, Trojan.Linux.Ircbot, Trojan.Script.Agent.hddrdp, Trojan.Shell.Agent.U, Trojan.Shell.Agent.U (B), Unix/Ircbot.U, Unk.Win32.Script.404173"
f9d9e0a13e316db8ad0385a9a9e1f89b669113f31bfb7a91adf7e5b52fcd0023,"null"
fbea8321142ea25ac14120c48ee15981b51afee2ee8498fafe3f0776659bcc79,"null"
ff6f81930943c96a37d7741cd547ad90295a9bd63b6194b2a834a1d32bc8f85d,"null"
